,yummy,convenient,spicy,fattening,greasy,fast,cheap,tasty,expensive,healthy,disgusting,segment,Age,VisitFrequency,Gender,Like
0,1,0,1,0,1,0,0,1,0,1,1,1,61,90,0,-3
1,0,0,1,0,0,0,0,0,0,1,1,1,51,90,0,2
2,1,0,0,0,0,0,1,0,0,0,1,1,62,90,0,1
3,0,0,1,0,0,0,0,0,1,1,0,1,69,7,0,4
4,1,0,1,0,0,0,0,1,1,0,1,1,49,30,1,2
5,0,0,1,0,1,0,0,0,1,1,1,1,55,90,1,2
6,0,0,0,0,1,0,1,0,0,0,1,1,56,90,0,2
7,0,0,1,0,0,0,0,0,1,1,1,1,23,7,0,5
8,1,1,1,0,0,1,1,1,0,1,0,0,58,365,1,-5
9,0,0,1,0,0,0,1,0,0,1,1,1,32,90,0,1
10,1,0,1,0,1,0,0,1,1,1,0,1,53,90,0,-2
11,0,0,1,0,0,0,1,0,0,1,0,1,28,30,1,3
12,1,0,1,0,1,0,0,1,1,1,1,1,65,90,1,0
13,0,0,1,0,1,0,1,0,0,0,1,1,54,30,1,5
14,1,0,1,0,1,0,1,1,0,1,1,1,67,30,1,-3
15,0,0,1,0,1,0,0,0,1,1,1,1,51,30,1,3
16,0,0,1,0,0,0,0,0,1,1,1,1,34,30,0,0
17,0,0,1,1,0,0,1,0,1,1,1,0,31,30,1,2
18,1,1,1,0,0,0,0,1,0,1,0,0,47,90,0,-4
19,0,0,1,0,0,0,1,0,0,1,0,1,37,3,1,5
20,0,0,1,0,0,0,1,0,0,1,0,1,41,365,0,2
21,0,0,1,0,1,0,0,0,0,1,1,1,36,30,1,2
22,0,0,0,0,0,0,0,0,0,1,0,1,23,7,0,-2
23,0,0,0,0,1,0,1,0,0,1,1,1,50,3,0,5
24,0,0,1,0,1,0,0,0,1,0,1,1,39,90,0,2
25,0,0,1,0,0,0,0,1,0,1,1,1,35,90,0,0
26,0,0,1,0,0,0,0,0,1,1,0,1,20,90,1,0
27,1,0,1,0,0,0,1,0,1,0,1,1,34,30,0,0
28,1,0,1,1,1,0,1,1,1,1,1,0,55,90,1,0
29,0,0,1,0,1,0,0,0,1,0,1,1,24,90,0,3
30,0,0,1,0,0,0,0,0,1,1,1,1,44,30,1,3
31,1,0,1,1,1,0,0,0,1,0,1,0,40,30,0,3
32,0,0,1,0,0,0,0,0,1,1,1,1,55,30,1,1
33,1,0,1,0,0,0,0,1,1,1,0,1,37,0,1,-4
34,0,0,1,0,1,0,0,0,1,0,1,1,48,7,1,4
35,1,0,1,0,0,0,0,1,1,1,0,1,54,90,0,-2
36,0,0,1,0,1,0,0,0,1,0,1,1,38,90,0,3
37,1,0,1,0,0,0,0,1,1,1,0,1,49,90,0,-5
38,1,1,1,0,0,0,0,1,1,1,0,0,35,0,0,-4
39,1,1,1,0,0,0,1,1,0,1,0,0,55,365,1,-4
40,0,1,1,0,1,1,1,0,0,1,1,0,31,365,1,2
41,0,0,1,0,1,0,0,0,1,0,1,1,57,3,1,3
42,0,0,0,0,1,0,0,0,1,0,1,1,69,3,1,4
43,0,0,1,0,1,0,1,0,1,1,1,1,37,90,0,3
44,1,0,1,0,0,0,0,1,1,1,0,1,60,0,1,-5
45,0,0,0,0,0,0,0,0,0,0,0,1,36,30,1,2
46,1,0,1,1,1,0,1,0,1,0,1,0,54,90,1,1
47,0,0,1,0,1,0,1,0,0,1,1,1,66,30,1,4
48,0,0,1,0,1,0,0,0,1,1,1,1,32,30,0,0
49,0,0,1,0,0,0,0,0,1,1,1,1,67,365,1,2
50,1,0,0,0,0,0,1,1,0,1,0,1,42,7,0,-4
51,0,0,1,0,0,0,0,1,1,1,1,1,26,30,0,2
52,0,0,1,0,0,0,1,0,0,1,1,1,58,365,0,1
53,1,0,1,0,1,0,1,1,0,1,0,1,48,30,1,-5
54,0,0,1,1,1,0,0,0,1,0,1,0,54,30,0,4
55,1,0,1,0,1,0,0,0,1,1,1,1,62,365,1,0
56,1,0,1,0,0,0,0,1,1,1,0,1,52,365,0,-4
57,1,0,1,0,0,0,0,1,1,1,1,1,53,90,1,0
58,0,0,1,0,1,0,0,0,1,1,1,1,47,3,1,4
59,0,0,1,0,0,0,0,0,1,1,1,1,26,30,0,5
60,0,0,1,0,0,0,1,0,1,1,1,1,29,7,0,5
61,0,0,1,0,0,0,0,0,1,0,1,1,24,7,1,3
62,0,0,1,0,1,0,0,0,1,0,1,1,25,7,0,5
63,1,0,1,0,0,0,1,1,0,1,1,1,54,30,1,0
64,0,0,1,0,0,0,0,0,1,1,1,1,23,30,0,4
65,1,1,1,0,1,0,1,1,0,1,0,0,34,0,0,0
66,1,0,1,1,1,1,1,1,0,1,1,0,47,90,1,1
67,0,0,0,0,0,0,0,0,0,0,0,1,22,7,1,3
68,1,0,1,0,1,0,0,0,1,0,1,1,47,365,1,0
69,0,0,1,0,1,0,0,0,1,1,1,1,56,30,1,4
70,1,0,1,0,1,0,0,1,1,0,1,1,55,90,1,-1
71,0,0,1,1,1,0,0,0,1,0,1,0,56,90,0,3
72,1,0,1,0,1,1,1,0,0,1,1,0,56,90,0,0
73,1,0,1,0,0,0,0,0,1,1,1,1,37,90,0,2
74,0,0,1,1,1,0,0,0,1,0,1,0,50,7,0,5
75,1,0,1,0,0,1,1,1,0,1,0,0,40,90,1,-1
76,0,0,1,0,1,0,0,0,1,1,1,1,61,7,1,4
77,1,0,1,0,1,0,1,1,0,1,1,1,55,90,1,-2
78,0,0,0,0,0,0,1,0,0,1,1,1,45,365,0,-1
79,0,0,1,1,1,0,0,0,1,0,1,0,42,30,1,1
80,1,0,1,0,0,0,1,1,1,1,0,1,52,90,1,2
81,1,0,1,0,1,0,0,0,1,1,1,1,58,365,0,2
82,1,0,1,0,1,0,0,0,1,1,1,1,48,30,1,1
83,0,0,1,1,1,0,0,0,1,0,1,0,58,7,1,3
84,1,1,1,0,0,0,1,0,0,1,1,0,18,365,1,-3
85,0,0,1,1,1,0,0,0,1,1,1,0,68,30,0,4
86,0,0,1,0,0,0,0,0,0,1,0,1,49,30,0,1
87,1,0,1,0,0,1,1,0,0,1,1,0,50,7,0,-5
88,0,0,1,0,1,0,1,0,0,1,1,1,43,90,0,2
89,0,0,0,0,1,0,0,0,0,1,1,1,67,90,1,4
90,0,0,1,0,1,0,0,0,1,1,1,1,40,7,0,1
91,0,0,1,0,0,0,0,0,1,1,0,1,35,0,1,-5
92,1,1,1,0,0,1,1,1,0,1,0,0,42,90,0,-5
93,1,0,1,0,1,0,0,0,1,1,1,1,41,90,0,2
94,0,0,1,0,0,0,0,0,1,0,1,1,32,30,1,4
95,0,0,1,0,0,0,1,0,1,1,1,1,21,30,0,3
96,1,0,1,0,0,0,0,0,1,1,1,1,56,7,0,4
97,1,0,1,0,0,0,1,1,1,1,1,1,27,90,1,2
98,1,0,1,0,0,0,1,1,0,1,1,1,48,365,0,0
99,0,0,1,0,1,0,0,0,1,1,1,1,32,7,1,2
100,1,0,1,0,0,0,0,1,1,1,1,1,50,30,1,3
101,0,0,1,0,0,0,1,0,0,1,1,1,42,365,0,2
102,0,0,0,0,0,0,0,0,0,0,0,1,35,3,1,5
103,0,0,0,0,1,0,0,0,1,1,1,1,57,30,0,4
104,0,0,1,0,1,0,1,0,1,1,1,1,68,30,1,3
105,1,0,1,0,1,0,1,1,0,1,1,1,51,30,0,3
106,0,0,1,0,0,1,1,0,0,1,0,0,42,90,0,-2
107,1,0,1,0,1,1,1,1,1,1,1,0,44,90,0,0
108,0,0,1,0,1,0,0,0,1,1,1,1,57,365,0,2
109,1,0,1,0,0,0,0,1,1,1,1,1,56,365,0,2
110,1,0,0,0,1,1,1,1,1,1,1,0,57,90,0,-2
111,0,0,1,1,1,0,1,0,0,0,1,0,33,7,0,5
112,1,1,1,0,0,1,1,1,0,1,0,0,63,90,1,-3
113,0,0,1,0,1,0,1,0,0,1,1,1,55,30,1,2
114,1,0,1,0,0,1,1,1,0,1,1,0,39,90,0,0
115,1,0,1,0,1,0,0,1,1,1,1,1,65,0,1,-3
116,0,0,0,0,0,0,0,0,1,0,1,1,47,7,0,4
117,0,0,1,0,1,0,0,0,1,0,1,1,37,90,0,1
118,1,0,1,0,0,0,0,1,1,1,0,1,22,365,1,-1
119,1,0,1,0,0,0,0,1,1,1,1,1,51,90,1,-2
120,0,0,1,1,1,0,0,0,1,0,1,0,24,30,0,5
121,0,0,0,0,0,0,0,0,0,1,1,1,49,30,0,1
122,0,0,1,0,1,0,1,0,0,0,1,1,55,30,0,5
123,1,0,1,0,1,0,0,1,1,1,0,1,48,365,1,-5
124,0,0,1,0,0,0,0,0,1,1,1,1,24,90,0,3
125,1,0,1,0,1,0,1,0,0,1,1,1,47,90,1,-2
126,1,0,1,0,1,0,0,1,1,1,0,1,54,365,1,-4
127,0,0,1,0,1,0,0,0,1,1,1,1,23,7,0,4
128,1,0,1,0,0,0,0,1,1,0,1,1,34,90,0,1
129,0,0,1,0,0,0,0,0,1,1,0,1,32,30,0,3
130,1,0,1,1,1,0,0,1,1,1,1,0,58,30,0,3
131,1,0,1,0,1,0,1,1,0,1,1,1,46,365,0,0
132,0,0,1,0,1,0,0,0,1,1,1,1,23,90,0,0
133,0,0,1,0,0,0,0,0,1,1,1,1,31,30,1,1
134,1,0,1,0,0,0,0,0,1,1,1,1,59,365,1,0
135,1,0,0,0,0,0,1,1,0,0,1,1,47,30,1,0
136,0,0,1,0,1,0,0,0,1,1,1,1,58,3,0,3
137,0,0,1,0,1,0,0,0,1,1,1,1,55,90,1,4
138,0,0,1,0,0,1,0,0,1,1,1,0,62,30,0,4
139,0,0,1,0,0,0,0,0,1,1,1,1,20,30,1,2
140,1,0,1,0,1,0,0,0,1,1,1,1,42,90,1,0
141,1,0,1,0,0,0,0,1,1,1,0,1,29,30,1,-3
142,1,0,1,0,1,0,1,1,0,1,1,1,63,30,1,1
143,1,0,1,0,0,0,0,0,1,1,0,1,26,7,1,2
144,0,1,1,0,0,0,0,0,1,1,1,0,19,30,0,5
145,0,0,1,0,1,0,0,0,1,1,1,1,61,365,0,1
146,0,0,1,0,0,0,1,0,0,1,1,1,19,7,1,5
147,0,0,1,0,1,0,1,0,0,0,1,1,56,30,0,4
148,1,0,1,0,0,0,1,1,0,1,0,1,39,365,0,-4
149,0,0,1,0,0,0,1,0,0,1,1,1,45,30,1,0
150,1,1,1,0,0,1,1,1,0,1,0,0,52,365,1,-5
151,0,0,1,1,1,0,0,0,1,0,1,0,42,30,0,0
152,0,0,1,0,0,0,1,0,0,1,1,1,47,30,0,3
153,0,0,1,0,1,0,0,0,1,1,1,1,22,7,0,5
154,0,0,0,0,0,0,0,0,1,1,1,1,63,30,1,2
155,0,0,1,0,0,0,0,0,1,1,1,1,65,90,0,5
156,1,0,1,1,1,0,0,0,1,1,1,0,63,90,1,1
157,0,0,1,0,0,0,1,0,0,1,1,1,25,30,1,3
158,0,0,1,0,0,0,1,0,0,1,1,1,62,365,1,1
159,1,0,1,0,0,1,0,1,1,1,1,0,59,365,0,0
160,1,0,1,0,0,0,0,0,1,1,1,1,67,365,1,1
161,1,1,1,0,0,0,1,1,0,1,0,0,60,0,1,-5
162,0,0,1,1,1,0,0,0,1,0,1,0,69,7,1,4
163,1,1,1,0,0,0,1,1,0,1,0,0,40,0,1,-5
164,0,0,1,1,1,0,0,0,1,0,1,0,67,365,1,2
165,0,0,1,1,1,0,0,0,1,0,1,0,37,90,0,2
166,1,0,0,1,0,0,1,1,0,1,1,0,65,90,1,-4
167,0,0,1,0,1,0,1,0,0,1,1,1,64,30,0,3
168,0,0,1,0,1,0,0,0,1,1,1,1,57,30,0,4
169,0,0,1,0,0,0,1,0,0,0,1,1,37,7,1,5
170,0,0,1,0,0,0,1,0,0,0,1,1,39,30,0,2
171,0,0,1,0,1,0,1,0,1,1,1,1,64,90,1,1
172,0,0,1,0,0,0,0,0,1,1,0,1,23,365,1,-2
173,0,1,0,0,0,0,0,1,1,1,0,0,50,7,0,2
174,1,0,1,0,0,0,1,1,0,1,0,1,60,90,1,-4
175,1,0,1,0,0,0,1,1,0,1,0,1,32,365,1,-2
176,1,0,1,0,0,0,0,1,1,1,0,1,59,0,0,-5
177,1,1,1,0,1,0,1,1,0,1,0,0,37,30,1,-2
178,0,0,1,0,0,0,1,0,1,0,1,1,25,3,0,3
179,1,0,1,1,1,0,1,1,1,1,1,0,55,30,1,3
180,1,0,1,0,0,0,1,0,0,1,0,1,25,30,1,-2
181,1,0,1,1,1,0,0,1,1,0,0,0,35,365,0,-3
182,1,1,0,0,0,0,0,1,1,1,0,0,58,0,0,-4
183,1,0,1,0,0,0,0,1,1,1,0,1,32,0,1,-5
184,0,0,1,0,0,0,0,0,0,1,0,1,45,0,0,-5
185,1,0,1,0,1,0,1,1,0,1,1,1,60,365,0,-3
186,1,0,1,0,1,0,0,0,1,1,1,1,59,365,1,3
187,1,0,1,0,1,0,0,1,1,1,1,1,36,30,0,0
188,1,0,1,0,0,0,0,1,1,1,0,1,55,365,1,0
189,0,0,1,0,1,0,0,1,1,1,1,1,55,90,0,1
190,0,0,1,0,1,0,1,0,0,1,1,1,22,30,0,3
191,0,0,1,0,0,0,0,0,1,1,1,1,21,7,0,3
192,0,0,1,0,0,0,0,0,1,1,1,1,62,7,1,1
193,0,0,1,0,0,0,0,0,1,1,1,1,29,30,1,3
194,0,0,1,0,0,0,0,0,1,0,1,1,36,30,0,1
195,1,0,1,0,0,0,1,1,1,1,1,1,44,365,1,0
196,1,0,1,0,0,0,0,1,1,1,1,1,47,365,0,2
197,1,1,1,0,0,1,1,1,0,1,0,0,57,365,0,-5
198,1,0,1,0,1,0,0,0,1,1,1,1,23,365,0,1
199,0,0,1,0,0,0,0,0,1,1,1,1,31,7,0,5
200,0,0,1,1,1,0,0,0,1,0,1,0,70,3,0,4
201,0,0,0,0,1,0,0,0,1,0,1,1,24,7,1,5
202,1,0,1,0,0,0,1,0,0,1,1,1,27,90,1,3
203,1,0,1,0,0,0,0,1,1,1,0,1,58,0,0,-5
204,1,0,0,0,1,0,0,1,1,1,1,1,51,7,1,2
205,1,1,1,0,0,1,1,1,0,1,0,0,36,90,1,-2
206,1,0,1,0,1,0,0,0,1,1,1,1,36,30,0,0
207,1,1,0,0,0,0,1,1,0,1,0,0,43,90,1,0
208,1,0,0,0,0,1,1,1,0,1,0,0,64,0,1,-3
209,1,0,1,0,1,0,1,1,0,1,0,1,52,30,1,-3
210,1,0,1,0,1,0,0,0,1,1,1,1,53,0,1,1
211,1,0,1,0,0,0,1,1,0,1,0,1,52,0,0,-5
212,0,0,0,0,0,0,0,0,1,1,1,1,33,7,0,3
213,0,0,1,0,0,0,0,0,1,1,1,1,24,7,1,5
214,0,0,1,1,1,0,1,0,1,1,1,0,64,30,0,4
215,0,0,0,0,0,0,1,0,0,0,0,1,41,30,1,3
216,1,1,1,0,0,1,0,1,1,1,0,0,56,365,0,-5
217,0,0,1,0,1,0,0,0,1,0,1,1,49,30,0,4
218,0,1,1,0,0,0,1,0,0,1,1,0,24,365,0,-1
219,1,0,1,0,1,0,0,1,1,1,1,1,62,90,0,2
220,1,0,1,1,1,0,0,0,1,1,1,0,56,90,1,0
221,0,0,1,0,0,1,1,0,1,1,1,0,67,90,1,3
222,0,0,1,0,1,0,0,0,1,1,1,1,27,30,1,3
223,1,0,1,0,1,0,1,1,0,1,0,1,53,365,1,-4
224,0,0,0,0,1,0,0,0,1,0,0,1,60,365,0,-4
225,1,0,1,0,0,0,0,0,1,1,1,1,51,365,0,0
226,1,0,0,0,0,0,1,0,0,1,1,1,67,365,0,-5
227,0,0,1,0,1,0,0,0,1,1,1,1,27,30,0,3
228,1,0,1,0,0,0,1,1,0,1,1,1,56,90,1,0
229,0,0,1,0,0,0,0,0,1,1,1,1,39,30,1,4
230,0,0,1,0,1,0,0,0,1,1,1,1,35,7,0,4
231,0,0,1,0,0,0,0,0,1,1,1,1,68,30,0,2
232,0,0,1,1,0,0,0,0,1,0,1,0,57,7,0,5
233,1,0,1,0,0,0,0,1,1,1,0,1,50,0,0,-5
234,0,0,1,1,1,0,0,0,1,0,1,0,64,30,0,3
235,1,0,1,0,1,0,0,1,1,1,1,1,66,7,0,-3
236,0,0,0,1,1,0,0,0,1,0,1,0,27,3,1,5
237,1,1,1,0,1,0,1,1,0,1,0,0,70,0,1,-5
238,1,0,1,0,0,1,0,0,0,1,1,0,51,30,1,-1
239,0,0,1,0,1,0,0,0,1,1,1,1,60,365,0,0
240,1,1,1,0,1,0,1,1,0,1,0,0,49,365,0,-4
241,1,0,1,0,0,0,0,1,1,1,0,1,54,0,0,-5
242,1,1,1,0,0,0,1,1,0,1,0,0,58,0,0,-5
243,1,1,1,1,1,0,0,1,1,1,1,0,70,30,0,-3
244,0,0,1,1,1,0,1,0,0,1,1,0,59,3,1,3
245,1,0,1,0,1,0,0,1,1,0,1,1,54,365,0,1
246,1,0,0,1,0,0,1,1,0,1,1,0,52,90,0,-3
247,0,0,1,0,0,0,0,0,1,0,1,1,22,7,0,4
248,0,0,1,0,0,0,1,0,0,1,1,1,53,90,0,3
249,0,0,1,1,1,0,0,0,1,0,1,0,69,3,0,5
250,1,0,0,0,0,0,1,1,0,1,0,1,20,90,1,1
251,0,0,0,0,1,0,0,1,1,1,1,1,66,30,0,3
252,0,0,1,0,1,0,0,0,1,1,1,1,25,3,0,5
253,0,0,1,0,0,0,1,0,0,1,1,1,31,7,0,5
254,0,0,1,0,1,0,0,0,1,0,1,1,67,30,0,1
255,0,0,0,0,1,0,0,0,1,1,1,1,56,30,0,3
256,1,0,1,0,0,0,0,0,1,1,1,1,48,365,0,1
257,1,0,1,0,1,0,0,1,1,1,1,1,54,90,0,-1
258,0,0,1,1,1,0,0,0,1,0,1,0,58,30,1,5
259,0,0,1,0,1,0,0,0,1,1,1,1,42,7,0,3
260,0,0,1,0,1,0,1,0,1,1,1,1,38,7,0,4
261,1,0,1,0,0,0,0,0,1,0,1,1,28,90,1,2
262,0,0,1,0,1,0,1,0,0,1,1,1,47,7,0,3
263,1,1,1,0,0,0,0,1,1,1,1,0,49,365,1,0
264,1,0,1,0,0,0,0,0,1,1,0,1,40,90,0,0
265,1,1,1,0,0,0,1,0,0,0,0,0,31,7,1,0
266,1,0,0,0,0,0,0,1,1,1,1,1,50,0,1,-5
267,0,1,0,0,1,0,0,0,1,1,1,0,69,365,0,-1
268,0,0,1,0,1,0,0,0,1,0,1,1,40,30,0,4
269,0,0,1,0,0,0,0,0,1,1,0,1,30,30,1,5
270,1,0,1,0,0,0,0,0,1,1,0,1,44,365,1,-3
271,0,0,1,0,0,0,1,0,0,1,1,1,32,30,1,3
272,0,0,1,0,1,0,0,0,1,1,1,1,67,7,1,3
273,0,0,1,0,0,0,0,0,1,1,1,1,18,7,0,5
274,1,0,1,0,0,0,0,1,1,1,1,1,27,365,0,-3
275,1,0,1,0,0,0,1,1,0,1,1,1,61,365,0,-1
276,1,0,1,0,1,0,0,1,1,1,1,1,47,365,1,-4
277,0,0,1,0,0,0,0,0,1,1,1,1,20,90,1,-4
278,0,0,1,0,0,0,0,0,1,1,1,1,26,7,1,4
279,1,0,1,0,1,0,0,1,1,1,1,1,65,365,0,-4
280,1,1,0,0,0,1,1,1,0,1,0,0,64,0,1,-5
281,0,0,1,0,0,0,0,0,1,0,1,1,20,7,1,5
282,0,0,1,0,0,1,1,0,0,1,1,0,29,30,0,2
283,0,0,0,0,0,0,1,0,0,1,1,1,45,30,0,2
284,0,1,1,0,1,0,0,0,1,1,1,0,31,365,0,0
285,0,0,1,0,0,0,0,0,1,1,1,1,41,7,0,5
286,1,1,1,0,1,0,1,1,0,1,1,0,61,0,0,-5
287,1,1,1,0,0,0,1,1,0,1,0,0,69,0,0,-5
288,1,0,1,0,0,0,0,1,1,1,0,1,28,30,1,1
289,1,0,1,1,1,0,1,1,1,1,1,0,68,30,1,3
290,1,1,1,0,1,0,0,1,1,1,1,0,60,0,1,-4
291,0,0,1,0,0,0,1,0,1,1,1,1,56,365,0,0
292,1,0,1,0,1,0,1,1,0,1,1,1,61,365,0,0
293,1,0,0,0,0,0,1,0,0,1,1,1,61,7,1,0
294,1,0,1,0,1,0,0,1,1,1,1,1,63,365,1,-4
295,1,0,1,0,1,0,0,0,1,1,1,1,40,30,0,3
296,1,0,1,0,0,0,0,0,1,0,1,1,36,90,1,-1
297,0,0,1,0,0,0,0,1,1,1,1,1,30,30,0,1
298,0,0,1,0,1,0,1,0,0,1,1,1,32,30,0,4
299,0,0,1,1,1,0,1,0,0,0,1,0,37,3,1,5
300,0,0,1,0,1,1,0,0,1,0,1,0,61,7,1,3
301,0,0,1,0,0,0,1,0,0,1,1,1,34,30,0,3
302,0,0,1,0,0,0,1,0,0,1,1,1,24,30,1,1
303,0,0,1,0,0,1,1,0,0,1,1,0,39,30,1,1
304,1,0,1,0,1,0,1,0,0,1,1,1,50,90,1,0
305,0,0,1,0,1,0,1,0,0,0,1,1,46,30,1,1
306,0,0,1,0,1,0,1,1,0,1,1,1,43,30,0,2
307,0,0,1,0,1,0,0,0,1,1,1,1,36,30,1,4
308,0,1,1,1,0,1,1,0,0,1,0,0,26,7,1,-5
309,0,0,1,0,1,0,0,0,1,0,1,1,32,30,0,2
310,1,1,1,0,0,1,1,1,0,1,0,0,50,0,0,-5
311,1,0,1,0,0,0,0,1,1,1,1,1,56,365,0,-2
312,0,0,1,0,1,0,0,0,1,1,1,1,57,90,0,3
313,0,0,1,0,0,0,0,0,1,1,1,1,25,365,1,-1
314,1,0,1,0,0,0,0,0,1,1,1,1,47,30,0,-1
315,0,0,1,0,1,0,1,0,0,1,1,1,32,365,1,0
316,0,0,1,0,1,0,0,0,1,0,1,1,32,7,0,3
317,1,0,1,0,0,0,0,0,1,0,1,1,57,90,0,0
318,0,0,1,0,0,0,0,0,1,1,1,1,42,7,1,5
319,1,0,1,0,1,0,0,1,1,1,1,1,31,7,1,2
320,1,1,1,0,0,0,1,1,0,1,0,0,37,365,0,-3
321,0,0,1,1,1,0,0,0,0,0,1,0,33,90,0,3
322,0,0,1,0,1,0,1,0,1,1,1,1,46,90,0,-1
323,0,0,1,0,1,0,1,0,0,1,1,1,41,90,0,2
324,1,0,1,1,1,0,0,1,1,0,1,0,60,90,1,-1
325,0,0,1,0,1,0,0,0,1,0,1,1,42,30,1,2
326,1,0,1,0,1,0,0,0,1,1,1,1,45,30,0,1
327,0,0,1,0,0,0,1,1,1,1,1,1,36,90,1,0
328,0,0,1,0,1,1,1,0,0,0,1,0,44,30,1,2
329,0,0,0,1,0,1,1,0,0,1,1,0,34,30,1,1
330,0,1,1,0,0,0,0,0,1,1,1,0,22,90,1,2
331,1,0,1,0,0,0,0,1,1,1,0,1,64,90,1,-4
332,0,0,1,1,1,0,0,0,1,0,1,0,36,30,1,5
333,0,0,1,0,0,0,0,0,1,1,1,1,23,30,1,5
334,1,0,1,0,1,0,0,0,1,1,1,1,69,90,0,-4
335,1,0,1,0,0,0,0,1,1,1,1,1,64,0,0,-5
336,0,0,1,0,1,0,0,0,1,1,1,1,53,90,1,4
337,1,0,1,0,0,1,1,1,1,1,0,0,40,0,0,-4
338,1,0,1,0,1,0,0,1,1,1,0,1,56,90,0,-4
339,1,0,1,0,0,1,1,0,1,1,1,0,48,7,0,2
340,0,1,1,0,1,0,0,0,1,0,1,0,62,30,0,5
341,0,0,1,1,1,0,0,0,1,0,1,0,65,90,0,2
342,0,0,1,1,1,0,1,0,0,1,1,0,34,30,1,4
343,1,0,1,0,0,0,1,1,1,1,0,1,27,0,0,-5
344,0,0,1,0,1,0,0,0,1,1,1,1,25,90,1,2
345,0,0,1,0,0,0,0,0,1,1,0,1,55,365,0,-1
346,0,0,1,0,1,0,0,0,1,1,1,1,38,7,0,5
347,0,0,1,0,1,0,1,0,0,0,1,1,52,30,0,1
348,0,0,1,0,1,1,1,0,0,1,1,0,36,30,1,3
349,0,0,1,0,0,0,0,0,1,1,1,1,36,30,1,-1
350,0,0,1,0,1,0,1,0,0,1,1,1,52,30,0,0
351,0,0,1,0,0,0,0,0,0,1,1,1,49,7,0,5
352,1,0,1,0,1,0,1,0,1,1,1,1,58,30,0,2
353,0,0,0,1,1,0,0,0,1,0,1,0,67,30,0,3
354,1,0,1,0,0,0,0,0,1,1,0,1,56,90,0,1
355,0,0,1,0,0,1,1,0,0,1,1,0,43,7,0,2
356,0,0,1,0,1,0,0,0,1,1,1,1,43,7,0,1
357,0,0,1,0,0,0,1,0,0,1,0,1,23,90,0,1
358,0,0,1,0,0,0,0,0,0,1,1,1,29,7,1,1
359,1,0,1,0,0,1,1,1,0,1,0,0,32,365,1,-4
360,1,0,1,0,0,0,0,1,1,1,1,1,35,7,0,1
361,0,0,1,1,0,0,1,0,0,1,0,0,46,7,1,2
362,1,0,1,1,1,0,0,0,1,0,1,0,55,30,0,3
363,0,0,1,0,1,0,0,0,1,1,1,1,45,7,0,4
364,0,0,1,0,1,1,1,0,0,1,1,0,39,90,1,2
365,1,0,1,1,1,0,1,0,0,0,0,0,52,365,1,-3
366,0,0,1,0,1,0,1,0,0,1,1,1,53,30,0,3
367,0,0,0,0,0,0,1,0,1,1,1,1,44,30,1,3
368,1,0,1,0,0,0,0,0,1,1,1,1,55,365,0,1
369,0,0,1,0,1,0,0,0,1,0,1,1,21,3,0,5
370,1,0,1,1,1,0,0,0,1,1,1,0,48,30,1,1
371,0,0,0,0,0,1,1,0,0,1,1,0,57,30,0,3
372,0,0,1,0,0,0,1,0,0,1,1,1,26,7,1,3
373,0,0,1,1,1,0,0,0,1,1,1,0,52,30,0,2
374,0,0,1,0,0,0,1,0,0,1,1,1,28,7,1,4
375,1,0,1,1,1,0,1,0,1,1,1,0,58,30,1,2
376,0,0,1,1,1,1,0,0,1,0,1,0,34,30,1,5
377,0,0,1,0,1,0,0,1,1,1,1,1,39,90,1,-4
378,0,0,0,0,0,0,1,0,0,1,1,1,20,30,1,3
379,1,0,1,0,1,0,1,1,1,1,0,1,61,365,0,0
380,0,0,1,0,1,1,1,1,0,1,1,0,35,7,1,4
381,1,0,1,0,0,0,1,1,0,1,0,1,27,0,1,-5
382,0,0,1,0,0,0,0,0,1,1,1,1,50,30,0,3
383,0,0,1,0,0,0,0,0,1,1,1,1,58,30,0,3
384,1,0,1,0,0,0,0,1,1,1,0,1,29,30,0,-1
385,0,0,1,0,0,0,1,0,0,1,1,1,23,7,1,3
386,0,0,1,1,1,0,1,0,1,1,1,0,47,90,1,2
387,0,0,1,0,0,0,0,0,1,1,1,1,58,90,0,2
388,1,0,1,0,1,0,1,1,0,1,1,1,49,30,0,0
389,0,0,1,0,1,0,1,1,1,1,1,1,27,30,0,1
390,0,0,1,0,0,0,0,0,1,1,1,1,20,3,0,5
391,0,0,1,0,0,1,1,0,0,1,0,0,43,90,1,0
392,1,0,1,0,1,0,1,1,0,1,0,1,62,90,0,0
393,1,1,1,0,1,0,0,1,1,1,0,0,55,365,0,-5
394,1,1,1,0,0,0,0,0,1,1,1,0,62,365,0,-3
395,1,0,1,0,0,0,0,1,1,1,0,1,56,365,0,-3
396,1,0,1,0,1,0,0,1,1,1,1,1,60,0,1,-4
397,0,0,1,0,1,0,0,0,1,1,1,1,42,30,0,1
398,0,0,1,0,0,0,0,0,1,1,1,1,26,7,0,4
399,1,0,1,0,1,0,0,1,1,1,1,1,55,365,0,-1
400,0,0,1,0,1,0,1,0,1,1,1,1,42,7,1,4
401,1,0,1,1,1,0,0,0,1,0,1,0,67,365,0,3
402,0,0,1,0,1,0,1,0,0,1,1,1,43,7,1,3
403,1,0,1,0,0,0,0,1,1,1,1,1,42,30,0,0
404,0,0,1,1,1,0,0,0,1,0,1,0,50,7,0,5
405,1,0,1,0,0,0,0,1,1,1,0,1,20,365,0,-4
406,1,1,1,0,1,0,1,1,0,1,0,0,50,0,1,-5
407,0,0,0,0,0,0,1,0,0,1,1,1,60,365,1,1
408,0,0,1,0,0,0,0,0,1,1,1,1,21,0,1,-1
409,0,0,1,0,1,0,1,0,0,1,1,1,33,30,1,4
410,0,0,1,0,1,0,0,1,1,1,1,1,68,90,0,0
411,0,0,1,0,0,0,0,0,1,1,1,1,26,30,1,3
412,0,0,1,0,1,0,0,0,1,1,1,1,60,30,0,1
413,0,0,1,0,0,0,1,0,0,1,1,1,52,90,0,3
414,0,0,0,1,1,0,0,0,1,0,1,0,70,90,0,4
415,1,1,1,0,0,0,0,1,0,1,0,0,44,365,0,-5
416,0,0,1,0,0,0,1,0,0,1,1,1,23,90,0,2
417,1,0,0,0,1,0,1,1,1,1,1,1,62,90,0,-1
418,1,0,0,0,1,0,0,0,1,1,1,1,59,7,0,2
419,0,0,1,1,1,0,0,0,1,0,1,0,66,7,0,5
420,1,0,1,0,1,0,1,1,0,0,1,1,44,30,1,1
421,0,0,1,0,0,0,1,0,0,1,1,1,25,30,1,3
422,0,0,1,0,1,1,1,0,0,0,1,0,41,30,1,3
423,0,0,1,1,1,0,0,0,1,1,1,0,41,3,1,4
424,0,0,1,1,1,0,0,0,1,0,1,0,33,7,1,3
425,1,0,1,0,0,0,1,1,0,1,0,1,45,30,0,1
426,0,0,1,0,1,0,0,0,1,0,1,1,23,3,0,5
427,1,1,1,0,0,0,1,1,0,1,0,0,52,365,0,-4
428,1,0,1,0,1,0,0,1,1,1,1,1,63,30,0,2
429,0,0,0,0,0,0,0,0,0,0,0,1,48,30,0,4
430,1,0,1,0,0,0,1,0,0,1,0,1,52,0,1,-5
431,1,1,1,0,0,0,0,1,0,1,0,0,50,0,1,-5
432,0,0,1,0,0,0,0,0,1,0,0,1,28,30,1,2
433,0,0,1,0,0,0,1,0,0,1,0,1,24,30,1,1
434,1,0,1,0,1,1,1,1,0,1,1,0,45,7,0,0
435,0,0,1,0,0,1,1,1,0,1,1,0,26,90,0,2
436,0,0,1,0,0,0,1,0,1,1,0,1,19,90,1,1
437,1,0,1,0,1,0,1,0,0,1,1,1,45,90,1,2
438,1,0,1,1,1,0,1,1,0,0,1,0,44,90,1,1
439,0,0,1,0,0,0,1,0,1,1,1,1,47,30,1,2
440,1,0,1,0,1,0,0,0,1,1,1,1,28,30,1,3
441,1,0,1,0,1,0,0,1,1,1,1,1,62,90,0,2
442,0,0,0,1,0,0,0,0,1,1,1,0,33,7,1,-1
443,0,0,1,1,1,1,0,0,1,0,1,0,67,90,0,3
444,0,0,1,1,1,0,0,0,1,0,1,0,67,365,0,1
445,0,0,0,0,0,0,0,0,0,1,0,1,49,30,1,2
446,0,0,1,0,0,0,0,0,1,1,1,1,33,7,0,4
447,0,0,1,1,1,0,0,0,1,0,1,0,51,3,0,5
448,0,0,1,1,1,0,0,0,1,0,1,0,52,7,0,3
449,0,0,0,0,0,0,0,0,0,0,1,1,30,3,1,5
450,0,0,1,0,1,0,1,0,0,1,1,1,60,30,0,2
451,1,0,1,0,1,0,1,1,0,1,1,1,47,90,0,-3
452,1,0,1,1,1,0,1,0,0,1,1,0,44,30,1,2
453,0,0,1,0,1,0,1,0,0,1,1,1,43,90,0,2
454,1,0,1,0,0,0,0,1,1,1,1,1,46,30,1,-2
455,1,0,1,0,1,0,1,0,1,1,1,1,40,30,0,1
456,1,0,1,0,0,0,1,1,1,1,1,1,48,365,0,0
457,1,0,1,0,0,0,1,1,0,1,0,1,53,30,0,0
458,0,0,1,0,1,0,1,0,0,1,1,1,35,90,1,4
459,1,0,1,0,1,0,0,1,1,0,1,1,51,90,1,-4
460,0,0,1,0,0,0,0,1,0,1,1,1,26,30,1,2
461,1,0,1,0,0,0,1,1,0,1,1,1,46,90,0,-2
462,0,0,1,0,0,0,0,0,1,1,1,1,39,30,0,2
463,0,0,1,0,1,0,0,0,1,1,1,1,38,365,1,0
464,0,0,1,0,1,0,0,0,1,1,1,1,40,30,0,4
465,0,0,1,0,1,0,0,0,1,1,1,1,36,30,0,5
466,1,0,1,0,1,0,0,1,1,1,1,1,56,0,0,0
467,0,0,1,0,0,0,0,0,1,1,1,1,23,30,0,5
468,0,0,1,0,1,0,0,0,1,1,1,1,39,30,0,5
469,1,0,1,0,0,0,0,1,1,1,0,1,22,90,0,-2
470,0,0,1,1,1,0,0,0,1,1,1,0,27,30,1,3
471,0,0,1,0,0,0,0,0,1,1,1,1,23,90,0,0
472,0,0,1,0,0,0,0,0,1,1,1,1,21,90,0,2
473,0,0,0,0,0,0,0,0,0,0,0,1,33,90,1,3
474,1,1,1,0,0,0,0,1,1,1,0,0,24,0,0,-5
475,0,0,1,0,0,0,0,0,1,0,1,1,22,3,0,5
476,1,1,1,0,0,0,0,1,1,1,0,0,54,90,0,-5
477,1,0,0,0,0,1,1,1,0,1,0,0,56,90,0,-3
478,0,0,1,0,0,0,0,0,1,1,1,1,20,30,1,4
479,0,0,0,1,1,1,1,0,0,0,1,0,41,30,0,4
480,1,0,0,1,1,0,1,0,0,1,1,0,70,30,1,4
481,0,0,1,0,0,0,0,0,1,0,1,1,54,30,0,4
482,0,0,1,0,0,0,1,0,0,0,1,1,23,30,1,3
483,0,0,1,1,1,0,0,0,1,0,1,0,61,30,0,2
484,1,0,1,0,1,0,1,0,0,1,1,1,52,7,0,1
485,0,0,1,0,1,0,0,0,1,0,1,1,61,7,0,3
486,1,0,0,0,1,0,0,1,1,1,0,1,66,90,0,-2
487,0,0,1,0,0,0,1,0,0,1,1,1,40,30,0,1
488,0,0,0,0,0,0,0,0,0,0,0,1,26,0,1,5
489,1,0,1,1,0,0,1,1,0,0,1,0,32,30,1,2
490,0,0,1,0,0,0,0,0,1,1,1,1,60,90,1,-2
491,0,0,1,0,1,0,0,0,1,1,1,1,38,30,1,3
492,0,0,1,0,0,0,1,0,0,1,1,1,29,90,1,3
493,1,1,1,0,0,0,1,1,0,1,1,0,69,0,1,-5
494,1,0,1,0,0,0,0,1,1,1,1,1,64,365,1,2
495,1,0,1,0,0,0,1,1,1,1,0,1,40,0,1,-5
496,0,0,1,0,0,0,1,0,0,1,1,1,42,30,1,1
497,0,0,1,0,1,0,0,0,1,1,1,1,64,30,0,-5
498,0,0,1,0,0,0,1,0,0,0,1,1,22,7,1,5
499,0,0,1,0,0,0,0,0,1,1,1,1,57,90,0,2
500,0,0,1,0,0,0,1,0,0,1,1,1,28,90,0,2
501,0,0,1,0,1,0,0,0,1,0,1,1,41,30,0,5
502,0,0,0,0,0,0,1,0,0,1,1,1,56,3,1,0
503,0,0,1,1,1,0,0,0,1,0,1,0,50,30,0,3
504,1,0,1,0,0,0,0,1,0,1,0,1,68,0,1,-5
505,1,0,1,0,1,0,1,0,0,1,0,1,62,365,1,-5
506,0,0,1,0,0,0,0,0,1,1,1,1,58,90,0,4
507,0,0,1,1,1,0,0,0,1,0,1,0,47,3,1,5
508,0,0,1,0,1,0,1,0,0,0,1,1,35,30,0,3
509,0,0,0,0,1,0,0,0,1,1,1,1,58,30,1,4
510,0,0,1,0,0,0,0,0,1,1,1,1,21,7,0,5
511,0,0,1,0,1,0,0,0,1,0,1,1,53,90,0,3
512,0,0,1,0,1,0,0,0,1,0,1,1,38,30,0,5
513,0,0,1,0,1,0,1,0,0,1,1,1,59,30,1,5
514,0,0,1,0,0,0,1,0,0,1,1,1,39,7,0,4
515,0,0,1,0,0,0,1,0,1,1,1,1,36,90,0,2
516,0,0,1,0,0,0,0,0,1,1,1,1,26,3,0,5
517,1,0,1,0,1,0,1,0,0,1,1,1,53,7,1,-1
518,0,0,1,1,1,0,0,0,1,0,1,0,64,30,0,5
519,1,0,1,0,0,0,1,0,0,0,0,1,56,90,0,-3
520,1,0,1,0,0,0,1,1,0,1,1,1,65,0,1,-5
521,1,1,1,1,0,1,1,1,1,1,0,0,40,0,1,-5
522,0,0,1,1,1,0,0,0,1,0,1,0,68,30,1,5
523,0,0,1,0,1,0,0,0,1,1,1,1,65,3,1,4
524,0,0,1,0,0,0,0,0,1,1,1,1,52,30,0,2
525,1,0,1,0,1,0,0,1,1,0,1,1,37,365,0,-4
526,1,1,1,0,0,0,0,1,0,1,0,0,32,365,1,-5
527,0,0,0,0,1,0,0,0,1,1,1,1,51,7,0,5
528,0,0,1,0,0,0,0,0,1,0,1,1,52,90,0,3
529,0,0,1,1,1,0,1,0,0,0,1,0,57,90,0,4
530,0,0,1,0,1,0,0,0,1,0,1,1,55,90,0,5
531,1,0,1,0,1,0,1,0,0,1,1,1,38,30,0,0
532,1,0,1,0,0,0,0,1,1,1,1,1,44,7,0,2
533,0,0,1,0,1,0,1,0,0,1,1,1,56,365,0,3
534,1,0,1,0,0,1,1,1,1,1,1,0,67,365,0,1
535,0,0,1,0,1,0,1,0,1,0,1,1,43,30,0,3
536,1,0,1,0,1,0,0,0,1,1,1,1,39,90,1,1
537,0,0,1,0,0,0,0,0,1,1,1,1,27,7,0,2
538,0,0,1,0,0,0,1,0,1,1,1,1,29,365,0,1
539,1,0,1,1,0,0,0,1,1,1,1,0,24,365,1,-1
540,1,0,1,0,0,0,1,1,0,1,0,1,37,90,1,-5
541,0,0,1,0,0,0,1,0,0,1,0,1,22,30,0,1
542,1,0,1,0,1,0,1,0,0,0,0,1,55,0,0,-2
543,1,0,1,0,0,0,0,1,1,1,1,1,50,365,1,-2
544,0,1,1,1,1,0,1,0,0,0,1,0,26,30,1,1
545,1,0,1,0,1,0,0,0,1,1,1,1,55,90,0,0
546,0,0,1,0,1,0,0,0,1,1,1,1,48,30,0,2
547,0,0,1,0,1,0,1,0,0,1,1,1,25,7,0,4
548,0,0,1,0,0,0,0,0,0,1,1,1,32,3,1,4
549,1,0,1,0,0,0,1,1,0,1,0,1,28,90,0,1
550,1,0,1,0,1,0,0,1,1,1,1,1,52,365,0,-1
551,0,0,1,0,1,0,0,1,1,1,1,1,30,7,1,1
552,0,0,1,0,1,0,0,0,1,1,1,1,52,365,0,-2
553,0,0,1,1,1,0,0,0,1,1,1,0,55,30,0,4
554,1,1,1,0,0,0,1,1,0,1,0,0,35,365,0,-5
555,0,0,1,0,1,0,0,0,1,1,1,1,29,7,1,3
556,0,0,1,0,0,0,0,0,1,1,1,1,55,365,1,2
557,1,0,1,0,0,0,0,0,1,1,0,1,50,90,0,1
558,1,0,1,0,0,0,0,1,1,1,0,1,34,7,1,-2
559,1,0,1,0,1,0,0,0,1,1,1,1,59,0,0,0
560,0,0,0,1,1,0,1,0,0,0,1,0,40,7,1,4
561,0,0,1,0,1,0,0,0,1,1,1,1,39,30,0,3
562,1,0,1,0,0,1,1,0,1,0,1,0,46,90,0,0
563,0,0,1,1,1,1,0,0,1,1,1,0,25,7,1,5
564,1,0,1,0,0,1,1,1,0,1,0,0,48,90,1,-3
565,0,0,1,0,1,0,0,0,1,1,1,1,56,7,0,3
566,1,0,1,0,0,0,0,1,1,1,0,1,46,365,0,-3
567,0,0,0,0,1,0,0,0,1,0,1,1,44,7,1,5
568,1,0,1,1,1,0,0,1,1,0,0,0,55,365,0,-5
569,0,0,1,0,0,0,0,0,1,1,1,1,63,3,1,3
570,1,0,1,0,0,0,1,0,0,1,1,1,58,90,1,1
571,0,0,1,0,0,0,0,0,1,1,1,1,18,30,1,4
572,1,0,1,0,1,0,1,0,0,1,1,1,60,90,1,0
573,1,0,1,0,1,0,0,1,1,1,1,1,63,365,0,-5
574,0,0,1,0,0,0,0,0,1,1,1,1,30,30,0,3
575,1,0,1,0,0,1,1,1,0,1,1,0,67,0,0,-5
576,1,1,1,0,0,0,1,1,0,1,1,0,65,0,0,-5
577,0,0,0,0,0,0,0,0,1,0,1,1,61,30,0,3
578,1,0,1,0,1,0,1,0,1,1,1,1,52,7,1,2
579,0,0,1,0,0,0,1,0,0,1,1,1,23,365,0,-3
580,1,0,1,0,0,1,1,1,0,1,0,0,41,90,0,-4
581,0,0,1,0,0,0,0,0,1,1,0,1,57,90,1,0
582,1,0,1,0,1,0,0,1,1,1,1,1,46,365,0,0
583,0,0,1,0,0,0,1,0,0,1,1,1,36,90,1,-2
584,1,1,1,0,0,0,0,1,0,0,0,0,54,0,1,-5
585,0,0,1,0,0,0,0,0,1,1,1,1,37,30,1,2
586,0,0,1,0,0,0,0,0,1,1,1,1,33,7,0,5
587,0,0,1,0,0,1,0,0,1,1,1,0,26,7,1,3
588,0,0,1,1,1,1,1,0,0,0,1,0,27,7,1,4
589,1,0,1,0,1,0,0,1,1,1,0,1,34,365,1,-5
590,0,0,1,0,1,1,0,0,1,1,1,0,49,30,1,2
591,0,0,1,0,1,0,0,0,1,0,1,1,34,7,0,3
592,1,0,1,0,0,0,0,1,1,1,0,1,37,30,0,3
593,1,0,1,0,0,0,1,1,1,0,1,1,62,365,1,-4
594,1,0,1,0,1,0,0,1,1,1,1,1,54,30,1,2
595,1,0,0,0,0,0,0,0,0,0,1,1,37,365,0,-3
596,0,0,0,0,0,0,0,0,1,1,1,1,57,90,1,1
597,1,1,1,0,0,1,1,1,0,1,0,0,48,90,1,-1
598,1,0,1,0,0,0,0,1,1,1,0,1,59,0,0,-5
599,0,0,1,0,1,0,0,0,1,0,1,1,52,30,0,4
600,1,0,1,0,0,0,0,0,1,1,1,1,36,90,0,1
601,1,0,1,0,0,0,0,1,1,1,1,1,35,90,1,-3
602,1,0,1,0,0,0,1,1,0,1,0,1,43,365,1,-4
603,1,0,1,0,1,0,0,1,1,1,0,1,60,0,0,-4
604,1,0,1,0,0,0,0,1,1,1,1,1,32,0,0,-3
605,0,0,1,0,1,0,0,0,1,1,1,1,62,7,1,4
606,0,0,1,0,0,0,1,0,0,1,1,1,45,30,1,4
607,0,0,1,0,1,0,0,0,1,1,1,1,45,30,1,4
608,1,1,1,1,1,1,1,1,0,1,0,0,34,30,1,-5
609,1,0,1,0,1,0,0,1,1,1,0,1,55,365,1,-5
610,1,0,0,0,1,0,1,0,1,1,0,1,36,90,1,-1
611,1,0,1,1,1,0,0,1,1,1,1,0,29,365,1,0
612,1,0,1,0,1,0,0,1,1,1,0,1,64,30,0,-5
613,1,0,1,0,1,0,0,1,1,1,1,1,66,30,0,-3
614,1,0,1,0,1,0,1,0,1,1,1,1,49,30,0,3
615,0,0,1,0,1,0,0,0,1,1,1,1,25,90,0,2
616,1,0,1,0,1,0,0,0,1,0,1,1,58,30,0,2
617,1,0,1,0,1,0,0,0,1,1,1,1,56,365,0,2
618,0,0,1,1,1,0,0,0,0,1,1,0,29,90,0,3
619,1,0,1,0,0,0,0,0,1,1,1,1,70,365,0,-1
620,1,0,1,0,0,0,0,1,1,1,0,1,37,90,0,-3
621,0,0,1,0,1,0,1,0,0,1,1,1,38,7,1,2
622,0,0,1,0,1,0,0,0,1,0,1,1,59,365,0,0
623,1,0,1,0,0,0,0,1,1,1,1,1,20,90,0,-3
624,0,0,1,1,1,0,0,0,1,0,1,0,69,30,0,5
625,1,0,1,0,0,0,1,0,0,1,1,1,66,30,0,1
626,1,0,1,0,1,0,0,0,1,1,1,1,53,30,0,2
627,1,1,1,0,0,0,0,1,1,1,0,0,60,0,0,-5
628,0,0,1,0,1,0,0,0,1,1,1,1,38,7,0,3
629,1,0,1,0,0,1,1,1,0,1,0,0,34,90,0,0
630,0,0,0,0,1,0,1,0,1,1,1,1,45,90,0,2
631,0,0,1,0,1,0,0,0,1,1,1,1,30,90,1,3
632,1,1,1,0,0,0,1,1,0,1,0,0,38,0,1,-5
633,0,0,1,1,1,0,1,1,1,1,1,0,55,30,1,1
634,0,0,1,0,1,0,1,0,1,1,1,1,35,30,0,2
635,1,0,1,1,1,0,0,0,1,1,1,0,49,365,0,-3
636,1,0,1,0,0,0,0,1,1,1,1,1,60,365,0,0
637,1,1,1,0,0,1,0,1,1,0,1,0,48,90,0,-2
638,0,0,1,0,1,0,0,0,1,1,1,1,43,30,0,2
639,0,0,1,0,0,0,1,0,0,1,1,1,39,365,1,-4
640,0,0,1,0,1,0,0,0,1,1,1,1,23,7,1,0
641,0,0,1,0,0,0,0,0,1,1,1,1,51,30,0,4
642,1,0,1,0,0,0,0,1,1,1,0,1,21,0,0,-5
643,0,0,1,0,1,0,0,0,1,1,1,1,70,365,0,0
644,1,0,1,0,1,0,1,1,0,1,0,1,56,365,1,-5
645,1,1,1,0,1,1,1,1,0,1,0,0,33,365,0,-1
646,0,0,1,0,1,0,0,0,1,1,1,1,58,90,1,3
647,0,0,1,0,0,1,1,0,0,1,1,0,23,30,0,3
648,0,0,0,0,1,0,0,0,1,1,1,1,63,90,0,0
649,0,0,1,0,1,0,1,0,0,1,1,1,33,30,0,2
650,1,0,1,1,1,1,1,0,0,0,1,0,51,365,0,1
651,0,0,1,0,1,0,1,0,0,1,1,1,27,30,1,5
652,0,0,1,1,1,0,0,0,1,0,1,0,51,30,1,2
653,1,1,1,1,1,1,1,1,1,1,1,0,69,0,1,-3
654,0,0,1,1,1,0,0,0,1,1,1,0,59,90,0,2
655,0,0,1,0,1,0,0,0,1,1,1,1,40,30,1,3
656,0,0,1,0,0,0,0,0,1,1,1,1,20,30,0,5
657,1,0,1,0,0,0,0,1,1,1,0,1,28,0,1,-5
658,0,0,1,0,0,1,1,0,0,1,1,0,31,30,1,1
659,0,0,1,0,0,0,1,0,0,1,1,1,32,90,0,2
660,0,0,1,0,1,0,1,0,1,1,1,1,34,7,0,3
661,1,0,1,0,0,0,0,1,0,1,0,1,62,7,1,-3
662,0,0,1,0,0,0,0,0,1,0,1,1,33,90,0,0
663,1,0,1,0,1,0,1,0,0,1,0,1,51,30,0,-1
664,0,0,1,0,0,0,0,0,1,1,1,1,36,90,1,4
665,0,0,1,0,1,0,1,0,1,1,1,1,22,30,0,4
666,1,1,1,1,1,1,1,1,0,1,0,0,51,0,0,-5
667,1,0,1,0,0,0,1,0,0,1,0,1,42,0,1,-5
668,0,0,1,1,0,0,0,0,1,0,1,0,24,30,1,2
669,0,0,1,0,0,0,1,0,0,1,1,1,18,30,1,3
670,1,0,1,0,0,0,0,1,1,1,0,1,26,365,0,-5
671,1,0,0,0,0,0,0,1,1,0,1,1,57,0,1,0
672,0,0,1,0,1,0,0,0,1,0,1,1,59,7,1,1
673,0,0,1,0,0,0,1,0,0,1,1,1,38,90,0,0
674,0,0,1,0,0,0,0,0,1,1,1,1,26,3,0,5
675,0,0,1,0,1,0,0,0,1,0,1,1,31,30,1,2
676,0,0,1,0,0,0,0,1,1,1,1,1,27,365,0,2
677,1,0,0,0,0,0,1,0,0,1,1,1,55,0,1,-3
678,0,0,1,1,1,0,0,0,1,0,1,0,47,3,1,4
679,1,1,1,0,0,1,1,1,0,1,0,0,52,0,1,-4
680,0,0,1,0,1,0,0,0,1,0,1,1,58,7,1,5
681,0,0,1,0,0,0,0,0,1,1,1,1,30,90,0,2
682,0,0,1,0,0,0,1,0,0,1,1,1,38,90,0,-1
683,0,0,1,0,1,0,0,0,1,1,1,1,49,7,0,4
684,0,0,1,0,1,0,1,1,1,1,1,1,37,30,1,3
685,0,0,1,0,0,0,1,1,0,1,1,1,39,30,1,3
686,0,0,1,0,1,0,0,0,1,1,1,1,60,7,1,4
687,0,0,1,0,1,1,0,0,1,1,1,0,50,7,1,3
688,0,0,1,0,1,0,0,0,1,1,1,1,25,7,1,4
689,1,0,1,0,0,0,0,1,1,1,0,1,64,0,1,-4
690,1,1,1,0,1,1,1,1,0,1,0,0,62,365,1,-3
691,1,0,1,0,0,0,0,1,1,1,0,1,37,365,1,-2
692,0,0,1,1,1,0,1,1,0,0,1,0,68,90,1,2
693,0,0,1,0,0,0,0,0,1,1,1,1,24,30,0,2
694,0,0,0,1,0,0,0,0,1,0,1,0,26,7,1,1
695,1,0,1,0,0,0,1,1,0,1,1,1,49,30,0,2
696,1,0,1,1,1,1,1,1,0,1,1,0,43,7,1,-2
697,0,0,1,0,0,0,0,0,1,1,0,1,53,30,0,4
698,0,0,1,0,0,0,0,0,1,1,1,1,41,30,1,2
699,1,0,1,0,0,0,0,1,1,1,0,1,35,90,0,-5
700,1,1,1,0,0,1,1,1,0,1,0,0,60,0,1,-5
701,0,0,1,0,0,0,0,0,1,1,1,1,35,7,1,2
702,1,0,1,0,0,0,1,1,0,1,0,1,54,90,1,0
703,0,0,1,0,0,0,0,0,0,1,1,1,23,7,0,4
704,1,0,1,1,0,0,0,1,1,0,1,0,41,365,0,0
705,1,0,1,0,0,1,1,1,0,1,0,0,57,365,0,-5
706,1,1,1,0,1,0,0,1,1,1,0,0,64,0,0,-5
707,0,0,1,0,0,0,0,0,1,1,1,1,59,30,0,2
708,0,0,1,0,1,0,0,0,1,1,1,1,38,30,0,4
709,1,0,1,0,1,0,0,0,1,1,1,1,66,90,1,1
710,0,0,1,0,1,0,0,0,1,1,1,1,49,7,0,4
711,0,0,0,0,0,0,1,0,0,1,1,1,48,90,0,0
712,1,0,1,0,0,1,1,1,0,1,1,0,63,365,0,-5
713,0,0,1,0,1,0,0,0,1,1,1,1,64,90,0,1
714,1,0,1,0,0,0,0,1,1,1,1,1,56,90,0,-1
715,0,0,1,0,1,0,0,0,1,1,1,1,24,3,0,3
716,1,1,1,0,1,0,0,1,1,1,0,0,57,365,0,0
717,1,1,1,0,0,0,0,1,1,0,0,0,59,365,1,-4
718,0,0,1,0,1,0,0,0,1,0,1,1,39,30,0,4
719,0,0,1,0,1,0,0,0,1,0,1,1,37,7,0,5
720,0,0,0,1,1,0,0,0,1,0,1,0,65,365,1,0
721,1,0,1,0,1,0,1,1,1,1,0,1,55,90,1,-5
722,0,0,1,0,0,0,0,0,1,1,1,1,34,365,0,-2
723,1,0,1,0,1,0,0,1,1,1,1,1,31,7,0,1
724,0,0,1,0,0,0,0,0,1,0,1,1,23,30,0,0
725,1,0,1,0,0,0,0,1,1,1,1,1,42,30,0,0
726,0,0,1,0,0,0,1,0,0,1,1,1,31,365,1,1
727,1,0,1,0,1,0,0,0,1,1,1,1,32,30,0,1
728,1,0,1,0,1,0,1,1,0,1,1,1,49,90,0,0
729,1,0,1,1,0,0,0,1,1,1,0,0,59,30,1,0
730,0,0,1,0,0,0,1,1,1,1,1,1,21,3,0,5
731,0,0,1,0,1,0,1,0,0,1,1,1,25,30,0,3
732,1,0,1,0,0,0,0,1,1,1,1,1,24,30,1,2
733,1,0,1,0,1,0,0,0,1,1,1,1,58,0,1,-5
734,1,0,1,0,1,0,1,1,0,1,1,1,54,90,1,0
735,1,1,1,0,0,0,1,1,0,1,0,0,62,0,1,-5
736,1,0,1,0,0,0,1,1,0,1,1,1,31,30,1,3
737,0,0,1,0,0,0,0,0,0,0,0,1,21,30,0,1
738,1,0,1,0,1,0,0,1,1,1,1,1,48,30,1,2
739,0,0,0,0,0,0,0,0,1,1,0,1,30,90,0,0
740,0,0,1,0,0,0,0,0,1,1,0,1,36,7,0,2
741,0,0,1,0,0,0,0,0,1,1,1,1,21,90,0,2
742,1,0,1,0,0,0,0,1,1,1,1,1,63,90,0,2
743,0,0,1,0,0,1,0,1,1,0,1,0,33,7,1,1
744,0,0,1,0,0,0,0,0,1,1,1,1,18,7,0,5
745,0,0,1,0,0,0,0,0,1,1,1,1,20,30,1,2
746,1,0,1,0,0,0,0,0,1,1,1,1,56,30,0,0
747,0,0,1,0,0,0,0,0,1,0,1,1,38,90,0,3
748,1,0,1,0,1,0,0,1,1,1,1,1,43,90,1,1
749,1,0,1,0,0,0,1,0,0,1,0,1,18,90,1,0
750,1,0,1,0,0,0,0,1,0,1,1,1,19,7,1,3
751,1,0,0,0,1,0,1,1,0,1,0,1,43,90,1,-2
752,1,1,1,0,0,0,1,1,0,1,0,0,50,0,1,-5
753,0,0,1,0,0,0,1,1,0,1,1,1,54,30,0,-3
754,0,0,1,0,0,0,0,0,1,1,1,1,23,7,1,2
755,1,0,1,0,0,0,0,0,0,1,0,1,40,90,1,0
756,0,0,0,0,1,0,1,0,0,0,1,1,52,90,0,2
757,1,0,1,0,1,0,0,1,1,1,1,1,35,90,1,0
758,1,0,1,0,1,0,1,1,0,1,1,1,41,30,1,1
759,1,1,1,0,0,0,1,1,0,1,0,0,60,365,1,-4
760,0,0,1,0,1,0,0,0,1,0,1,1,66,90,0,3
761,1,0,0,0,0,0,0,0,1,0,1,1,45,90,1,-1
762,1,0,1,0,0,1,1,1,0,1,0,0,39,30,1,-5
763,1,0,0,0,0,0,0,0,0,1,1,1,49,365,0,1
764,0,0,1,0,0,0,0,0,1,1,1,1,58,30,0,1
765,0,0,1,1,1,0,0,0,1,0,1,0,32,90,0,3
766,0,0,1,0,1,1,1,0,0,0,1,0,34,30,0,3
767,1,0,1,0,0,0,0,1,1,1,0,1,50,30,0,-2
768,1,0,1,0,1,0,1,1,1,1,0,1,58,0,0,-5
769,1,0,1,0,0,0,0,0,1,1,0,1,34,365,0,-3
770,0,0,1,0,1,0,0,0,1,1,1,1,53,90,0,3
771,0,0,1,0,1,0,1,0,0,1,1,1,46,30,1,3
772,0,0,1,0,0,1,1,1,0,1,1,0,54,365,0,0
773,0,0,1,0,1,0,0,0,1,1,1,1,29,30,1,4
774,0,0,1,0,1,0,0,0,1,1,1,1,38,30,0,4
775,0,0,1,0,0,0,0,1,0,0,1,1,52,90,0,2
776,0,0,1,0,0,0,1,0,0,1,1,1,32,30,0,1
777,1,0,0,0,0,0,0,0,1,1,1,1,65,30,0,2
778,0,0,1,0,1,0,1,1,1,1,1,1,44,90,1,0
779,1,0,1,0,1,0,0,1,1,0,1,1,42,30,1,-1
780,0,0,1,0,1,0,1,0,0,1,1,1,37,30,0,4
781,0,0,1,0,1,1,1,0,0,1,1,0,24,3,1,0
782,1,0,0,0,0,0,1,0,1,1,0,1,69,0,0,0
783,1,0,0,0,0,0,0,0,1,1,0,1,39,30,1,0
784,0,1,1,1,1,0,1,0,1,0,1,0,55,30,1,4
785,0,0,1,0,0,0,1,0,0,1,1,1,47,90,0,2
786,0,0,1,0,1,0,1,0,0,0,1,1,46,30,0,5
787,0,0,1,0,1,0,1,0,0,1,1,1,63,90,0,0
788,1,1,1,0,0,0,0,1,1,1,0,0,64,0,0,-4
789,0,0,1,0,0,0,1,1,0,1,0,1,34,90,0,3
790,1,0,1,0,0,0,1,1,0,1,0,1,30,7,1,-2
791,0,0,1,0,0,0,0,0,1,1,1,1,37,365,0,2
792,0,0,1,0,1,0,1,0,0,0,1,1,48,30,1,4
793,0,0,1,0,0,0,0,0,1,0,1,1,32,30,0,3
794,1,0,1,0,0,0,1,0,1,1,1,1,24,365,0,-1
795,0,0,0,1,1,0,0,0,1,0,1,0,65,90,1,4
796,1,0,1,0,0,0,0,1,1,1,1,1,64,90,1,-3
797,1,0,1,1,1,0,1,1,1,1,1,0,64,90,1,0
798,0,0,1,0,1,0,0,0,1,0,1,1,50,30,1,2
799,0,0,1,0,1,0,1,0,0,1,1,1,55,30,1,2
800,1,0,0,0,0,0,0,1,1,1,1,1,70,365,1,-2
801,1,1,1,0,0,1,0,1,1,1,0,0,35,0,0,-2
802,1,1,1,1,1,1,1,1,1,1,1,0,24,0,1,-5
803,1,0,1,0,0,0,1,1,0,1,0,1,18,365,1,-5
804,0,0,1,0,0,0,0,0,1,1,1,1,30,30,0,4
805,1,0,1,0,0,0,1,1,1,1,0,1,59,365,1,-3
806,0,0,1,0,1,0,1,0,0,1,1,1,64,30,1,3
807,1,0,0,0,0,0,0,0,1,1,1,1,62,365,1,-3
808,1,0,1,0,1,1,1,1,0,1,1,0,63,365,0,-3
809,0,0,1,0,0,1,1,0,1,1,1,0,36,7,1,3
810,1,0,1,0,0,1,1,1,0,1,1,0,32,90,1,0
811,0,1,1,1,0,0,1,0,0,1,1,0,61,7,0,5
812,0,0,1,0,1,0,1,0,0,1,1,1,42,7,0,4
813,0,0,1,0,1,0,0,0,1,1,1,1,43,30,0,5
814,1,0,1,0,1,1,1,1,1,1,1,0,44,365,0,0
815,1,1,1,0,0,0,1,0,0,1,1,0,19,7,1,2
816,1,0,1,0,0,0,1,0,0,1,1,1,53,90,0,1
817,0,0,1,0,1,0,0,0,1,1,1,1,32,90,1,2
818,1,0,1,0,0,0,1,1,0,1,1,1,52,30,0,0
819,1,0,1,0,1,0,0,1,1,1,0,1,60,0,1,-3
820,1,0,1,0,0,0,1,1,0,1,1,1,53,90,0,-1
821,1,0,1,0,0,0,0,1,1,1,0,1,33,365,0,-5
822,0,1,0,1,1,1,1,1,0,0,1,0,40,30,0,5
823,0,0,1,0,1,0,1,0,0,1,1,1,63,365,1,-2
824,0,0,0,1,1,0,0,0,1,0,1,0,47,7,1,3
825,0,0,1,0,1,0,1,0,1,1,1,1,25,30,0,3
826,1,0,1,0,1,0,0,1,1,1,1,1,38,90,1,-3
827,0,0,1,0,0,0,0,0,1,1,1,1,28,7,0,5
828,1,0,1,0,0,0,1,1,0,0,1,1,57,365,1,0
829,0,0,1,0,1,0,0,0,1,0,1,1,56,7,0,4
830,0,0,1,0,0,0,1,0,0,1,1,1,35,90,1,3
831,1,1,1,0,0,0,1,1,0,1,0,0,62,365,1,-3
832,0,0,1,0,1,0,1,0,0,1,1,1,37,90,0,1
833,1,0,1,0,0,0,0,1,1,0,1,1,63,7,1,1
834,1,0,0,1,1,0,1,1,0,0,1,0,57,365,1,1
835,1,0,1,0,0,0,0,1,1,1,1,1,53,365,0,-1
836,1,0,1,0,0,0,0,1,1,1,0,1,49,7,0,2
837,1,0,0,0,0,0,0,0,1,1,1,1,56,0,1,1
838,1,0,0,0,1,0,0,0,1,1,1,1,50,30,1,1
839,0,0,1,0,1,0,0,0,1,1,1,1,59,365,0,4
840,0,0,1,0,1,0,0,0,1,0,1,1,32,30,0,5
841,0,0,1,0,1,0,1,0,1,1,1,1,44,30,0,4
842,1,0,1,0,0,0,1,1,0,1,1,1,34,30,0,1
843,1,0,1,0,1,0,0,1,1,1,0,1,51,365,0,0
844,0,0,1,0,0,0,0,0,1,1,1,1,33,30,1,1
845,0,0,1,0,0,0,0,0,1,0,1,1,36,30,0,2
846,0,0,1,0,0,0,1,0,0,0,1,1,24,3,0,3
847,0,0,1,0,1,0,0,0,1,1,1,1,42,30,0,3
848,1,0,1,0,0,0,1,1,0,1,0,1,45,0,1,-5
849,1,0,1,0,0,0,1,1,0,1,0,1,48,90,0,0
850,0,0,1,0,1,0,0,0,1,1,1,1,34,3,0,5
851,0,0,1,0,1,0,0,0,1,1,1,1,28,7,0,5
852,1,1,1,1,1,1,1,1,1,1,1,0,55,365,0,0
853,0,0,1,0,0,0,0,0,1,0,1,1,29,90,0,2
854,0,0,1,1,1,0,0,0,1,0,1,0,40,30,0,5
855,0,0,1,0,0,0,1,0,0,1,1,1,44,90,1,0
856,1,0,0,0,0,0,1,1,0,1,0,1,49,365,1,-5
857,0,0,1,0,1,0,0,0,1,1,1,1,29,30,1,3
858,0,0,1,0,0,0,0,0,1,1,1,1,40,7,1,4
859,1,1,1,0,1,0,0,1,0,1,1,0,30,3,1,3
860,0,0,1,0,1,0,0,0,1,1,1,1,34,30,1,2
861,0,0,0,0,0,0,0,0,1,1,1,1,60,90,1,1
862,1,0,1,0,1,0,0,0,1,1,1,1,66,30,1,2
863,0,0,1,1,1,0,1,0,0,0,1,0,51,90,1,3
864,1,1,1,0,0,0,0,1,1,1,0,0,44,365,1,-5
865,0,0,1,1,1,0,0,0,1,0,1,0,64,365,1,3
866,0,0,1,1,1,0,0,1,0,0,1,0,37,90,0,3
867,1,1,1,0,0,1,1,1,0,1,0,0,51,0,1,-5
868,0,0,1,0,1,0,0,0,1,1,1,1,30,7,1,4
869,1,0,0,0,0,0,0,1,1,0,0,1,53,365,1,-4
870,1,1,1,0,0,1,0,0,1,1,1,0,48,30,1,1
871,1,0,1,0,0,0,1,1,0,1,1,1,67,365,0,-2
872,1,0,1,0,0,0,1,1,0,1,0,1,39,0,1,-5
873,0,0,1,0,1,0,0,0,1,0,1,1,67,90,0,3
874,1,0,1,0,0,0,1,1,1,1,0,1,61,0,1,-3
875,1,0,1,0,1,1,1,0,0,1,1,0,57,90,1,2
876,1,0,1,0,1,1,0,1,1,1,0,0,64,365,1,-5
877,1,0,1,0,0,0,0,0,1,1,0,1,64,365,0,-4
878,0,0,1,0,0,0,0,0,0,0,1,1,34,7,0,4
879,0,0,0,0,0,0,0,0,0,0,1,1,45,7,1,4
880,0,0,1,0,1,0,0,0,1,1,1,1,34,30,1,3
881,1,0,1,0,0,0,0,1,1,1,0,1,67,365,1,-5
882,1,1,1,0,1,0,1,1,1,1,0,0,38,0,0,-5
883,0,0,1,0,0,0,0,0,0,1,1,1,22,7,1,2
884,0,0,0,1,1,0,0,0,1,1,1,0,57,7,0,5
885,0,0,1,1,1,0,0,0,1,1,1,0,65,90,0,2
886,1,0,1,0,0,0,1,1,1,1,1,1,63,365,1,-2
887,1,0,1,0,0,0,1,1,0,1,0,1,49,365,1,0
888,1,0,1,0,0,0,0,1,1,1,0,1,36,365,1,-2
889,1,1,0,0,0,1,1,1,1,0,0,0,60,0,0,-1
890,1,0,1,0,0,0,1,1,0,1,0,1,62,365,0,-3
891,0,0,1,0,1,0,0,0,0,1,1,1,55,7,1,5
892,0,0,1,0,1,0,1,0,1,1,1,1,41,30,0,3
893,1,0,1,0,0,0,1,1,0,1,0,1,46,3,1,-2
894,0,0,1,0,1,0,0,0,1,1,1,1,51,30,0,3
895,0,0,1,1,1,0,1,0,1,0,1,0,61,90,0,5
896,0,0,1,0,1,0,1,0,0,0,1,1,38,7,0,3
897,1,0,1,0,0,0,1,1,0,1,0,1,59,0,0,-4
898,0,0,1,1,1,0,1,0,1,0,1,0,36,30,1,4
899,1,0,1,0,0,0,0,1,1,1,1,1,62,0,0,0
900,1,0,0,0,0,0,1,0,0,1,1,1,58,30,1,0
901,0,0,1,0,0,0,0,0,1,1,1,1,23,7,0,4
902,1,0,1,0,1,0,1,1,0,1,0,1,50,90,0,-5
903,0,0,1,0,1,0,1,0,0,1,1,1,25,30,0,4
904,1,0,1,0,1,0,0,0,1,1,1,1,55,30,1,1
905,1,0,1,0,0,0,0,1,0,1,0,1,48,365,1,-5
906,1,1,1,0,1,0,1,1,1,1,0,0,62,0,0,-5
907,0,0,1,0,1,0,0,0,1,1,1,1,61,90,0,2
908,0,0,1,0,0,0,1,0,0,1,1,1,32,3,0,4
909,1,0,1,1,1,0,0,1,1,0,1,0,49,90,1,0
910,0,0,0,0,0,0,0,0,0,0,0,1,20,30,1,3
911,1,0,1,0,0,0,1,1,0,1,0,1,43,90,0,1
912,1,1,1,1,1,0,0,1,1,1,1,0,63,0,0,-5
913,0,0,1,1,1,0,0,0,1,0,1,0,60,30,0,4
914,1,0,1,0,1,0,0,1,1,1,1,1,68,365,0,1
915,0,0,1,0,1,0,0,0,1,1,1,1,64,30,1,3
916,1,0,1,0,0,0,0,1,1,1,0,1,57,365,1,-5
917,0,0,1,1,1,0,0,0,1,1,1,0,71,30,1,4
918,0,0,1,0,0,0,0,0,1,1,0,1,30,90,0,3
919,0,0,1,1,1,0,0,0,1,0,1,0,61,3,1,5
920,0,1,1,1,1,0,0,0,1,1,1,0,55,30,0,1
921,0,0,1,1,1,0,1,1,0,1,1,0,53,30,1,-3
922,0,0,1,0,1,0,1,0,0,1,1,1,45,90,1,4
923,0,0,1,0,1,0,0,0,1,1,1,1,41,30,1,3
924,0,0,1,0,0,0,1,0,0,0,1,1,30,90,1,3
925,1,0,1,0,1,0,0,1,1,1,1,1,42,7,0,2
926,0,0,1,1,1,0,0,0,1,1,1,0,22,7,0,3
927,0,0,1,0,1,0,0,0,1,1,1,1,46,90,0,3
928,0,0,1,0,1,0,1,0,1,1,1,1,43,30,1,5
929,0,0,1,1,1,0,0,0,1,0,1,0,33,30,0,5
930,0,0,1,0,0,0,0,0,1,1,1,1,19,0,0,-2
931,0,0,1,0,0,0,1,0,0,1,1,1,24,30,1,4
932,1,0,1,0,0,0,0,1,0,1,0,1,58,365,1,-4
933,1,0,1,0,1,0,1,1,0,1,1,1,59,90,1,0
934,0,0,1,0,1,0,0,0,1,1,1,1,31,30,0,3
935,1,0,1,0,0,0,1,1,0,1,1,1,37,30,0,2
936,1,0,0,0,0,0,0,0,1,1,1,1,56,30,1,2
937,1,0,1,0,0,0,0,0,1,1,1,1,52,90,1,-2
938,1,1,1,0,0,0,0,1,1,1,0,0,36,0,1,-5
939,0,0,1,0,0,0,0,0,1,0,1,1,25,30,0,4
940,0,0,1,0,0,0,1,0,1,1,0,1,20,365,1,0
941,0,1,1,0,0,0,1,0,0,1,1,0,21,30,0,4
942,0,0,1,0,0,0,1,1,0,1,1,1,59,7,0,-2
943,1,0,1,0,1,0,0,1,1,1,1,1,51,365,0,-4
944,1,0,1,0,1,0,0,0,1,1,1,1,50,30,0,2
945,1,0,1,0,1,0,0,1,1,1,1,1,63,90,1,0
946,0,0,1,0,1,0,0,0,1,1,1,1,25,90,0,1
947,1,0,1,0,1,0,0,0,1,1,1,1,51,30,1,1
948,1,0,1,0,0,0,0,0,1,1,1,1,36,365,0,-1
949,0,0,1,0,0,0,1,0,0,1,1,1,31,30,0,3
950,1,0,1,0,1,0,0,1,1,1,1,1,26,30,1,1
951,1,1,1,1,1,1,1,1,1,1,0,0,30,365,1,-5
952,0,0,1,0,1,0,0,0,1,1,1,1,37,30,0,2
953,0,0,1,0,0,0,1,1,1,1,0,1,30,90,1,-1
954,0,0,1,0,0,0,0,0,1,0,1,1,30,30,0,4
955,1,0,0,1,1,0,1,0,0,1,1,0,55,90,0,4
956,1,0,1,0,0,0,0,1,1,1,1,1,19,30,0,1
957,0,0,1,1,1,0,0,0,1,0,1,0,23,3,0,5
958,1,0,1,0,0,0,0,1,1,1,0,1,26,90,0,-4
959,1,0,1,0,1,0,0,1,1,1,1,1,59,365,0,-1
960,0,0,1,1,1,0,1,0,0,0,1,0,23,7,1,4
961,0,0,1,0,0,0,1,0,1,1,1,1,30,30,1,4
962,0,0,1,0,0,0,0,0,1,1,1,1,18,90,0,3
963,1,0,1,1,0,0,0,0,1,1,0,0,51,365,1,0
964,1,1,1,0,0,0,1,1,0,1,0,0,35,365,1,2
965,0,0,1,0,0,0,1,0,0,1,0,1,43,7,0,3
966,1,0,1,0,0,0,1,0,1,1,1,1,56,365,0,0
967,1,0,1,0,1,0,1,1,0,1,1,1,53,7,1,2
968,1,0,1,0,0,0,0,1,1,1,1,1,47,90,0,-3
969,0,0,1,0,0,0,1,0,1,1,1,1,65,90,1,2
970,1,0,1,0,1,0,1,1,1,1,1,1,51,0,1,0
971,0,0,1,0,1,0,1,0,0,1,1,1,33,30,0,2
972,0,0,1,0,0,0,1,0,0,1,1,1,61,0,1,0
973,0,0,1,0,1,0,0,0,1,1,1,1,33,30,0,0
974,0,0,1,0,0,0,0,0,1,0,1,1,25,30,1,0
975,1,0,1,0,0,0,0,0,0,1,0,1,36,0,1,-5
976,0,0,1,0,1,0,0,0,1,0,1,1,47,30,1,5
977,0,0,0,0,1,0,0,0,1,0,1,1,59,30,0,2
978,0,0,1,0,0,0,1,1,0,1,0,1,37,365,0,-4
979,0,0,0,0,0,0,0,0,1,1,1,1,22,30,1,0
980,1,0,1,0,0,0,0,1,1,1,0,1,48,90,1,-3
981,0,0,1,0,1,0,0,0,1,1,0,1,70,365,1,2
982,1,1,1,0,0,0,0,1,0,1,0,0,51,0,1,-5
983,1,0,1,0,1,0,0,1,1,1,1,1,23,30,0,3
984,0,0,0,0,0,0,0,0,0,0,1,1,28,90,0,5
985,0,0,1,0,0,0,1,0,0,1,0,1,39,7,1,4
986,1,0,1,1,1,0,1,0,1,0,1,0,62,90,0,4
987,0,0,1,0,1,0,1,0,0,1,1,1,25,7,0,5
988,0,0,1,0,0,0,1,1,0,1,1,1,27,90,0,2
989,1,0,1,1,1,0,1,1,1,1,1,0,59,90,0,-2
990,1,0,0,0,0,0,0,1,1,1,1,1,65,90,1,-3
991,1,1,1,1,1,1,1,0,0,1,1,0,54,90,0,-4
992,0,0,1,0,1,0,0,0,1,0,1,1,64,90,1,3
993,0,0,1,1,1,0,1,0,1,1,1,0,49,30,0,2
994,0,0,1,0,0,0,0,0,0,1,1,1,22,3,0,5
995,0,0,1,0,0,0,0,0,1,1,1,1,35,30,1,3
996,0,0,1,0,0,0,1,0,0,1,1,1,41,3,0,4
997,0,0,1,0,1,0,0,0,0,0,0,1,32,90,1,1
998,0,0,1,0,0,0,1,0,1,1,1,1,24,7,0,5
999,0,0,1,1,1,0,0,0,1,0,1,0,52,7,0,5
1000,1,1,1,0,0,0,1,1,0,1,0,0,44,365,1,-5
1001,0,0,1,0,1,0,0,0,1,1,1,1,38,30,0,4
1002,0,0,1,0,0,0,0,0,1,1,1,1,43,7,0,3
1003,0,0,1,0,0,0,0,0,1,1,1,1,32,365,0,1
1004,1,0,1,0,1,0,1,1,0,1,1,1,38,90,1,-1
1005,1,0,1,0,0,0,0,1,1,1,1,1,63,0,0,0
1006,0,0,1,0,1,0,1,0,1,0,1,1,46,90,0,3
1007,0,0,1,0,1,0,1,0,1,1,0,1,29,90,0,3
1008,1,1,1,0,0,1,1,1,0,1,0,0,61,0,0,-5
1009,0,0,1,0,0,1,1,1,0,1,1,0,47,90,1,2
1010,0,0,1,0,0,0,1,0,0,1,1,1,31,30,1,3
1011,1,0,1,1,1,0,0,0,1,0,1,0,35,7,1,3
1012,0,0,1,0,1,0,0,0,1,1,1,1,64,90,1,3
1013,0,0,1,0,0,0,0,0,1,1,1,1,26,30,0,2
1014,1,0,0,0,0,0,0,1,1,1,1,1,55,365,0,-1
1015,0,0,1,0,0,0,0,0,1,1,1,1,46,3,0,3
1016,0,0,1,1,1,0,0,0,1,1,1,0,52,30,1,5
1017,1,0,1,0,0,0,1,1,0,1,0,1,50,0,0,-5
1018,0,0,1,0,0,0,0,0,1,1,1,1,33,30,1,3
1019,0,0,1,0,1,0,0,0,1,1,1,1,30,30,0,5
1020,1,0,1,0,1,0,1,1,1,1,1,1,46,7,0,3
1021,1,0,1,0,1,0,0,1,1,1,0,1,60,365,0,0
1022,0,0,1,0,1,1,0,0,1,1,1,0,27,3,1,3
1023,0,0,1,0,1,0,0,0,1,1,1,1,51,90,0,2
1024,0,0,1,1,1,0,0,0,1,0,1,0,41,30,0,4
1025,0,0,1,0,1,0,0,0,1,1,1,1,67,30,0,2
1026,1,1,1,0,0,1,1,1,0,1,0,0,63,0,0,-5
1027,0,0,1,0,1,0,1,0,1,0,1,1,65,90,0,3
1028,1,0,1,0,0,1,1,1,0,1,0,0,59,30,1,0
1029,0,0,1,0,0,0,1,0,0,1,1,1,34,365,0,0
1030,1,0,1,0,0,0,0,0,1,1,1,1,34,365,0,0
1031,0,0,1,0,0,0,0,0,1,1,1,1,53,7,0,4
1032,0,0,1,0,1,0,0,0,1,0,1,1,31,7,0,2
1033,0,0,1,1,1,0,0,0,1,0,1,0,58,30,0,5
1034,0,0,1,1,1,0,0,0,1,1,1,0,39,7,1,2
1035,0,0,0,0,1,0,0,0,1,1,1,1,66,30,1,4
1036,0,0,1,0,1,0,0,0,1,1,1,1,55,30,1,0
1037,0,0,1,0,1,0,1,0,0,1,1,1,28,30,0,5
1038,0,0,1,0,0,1,1,0,0,1,0,0,34,30,0,-5
1039,0,0,1,0,1,0,1,0,0,1,1,1,24,30,1,4
1040,0,0,0,1,1,0,0,1,1,0,1,0,59,90,0,0
1041,0,0,1,1,1,0,0,0,1,0,1,0,67,90,0,3
1042,1,0,1,0,0,0,0,1,1,1,0,1,52,30,0,1
1043,1,0,1,0,1,0,1,0,0,1,1,1,41,7,1,2
1044,0,0,1,0,1,0,0,0,1,0,1,1,37,30,0,5
1045,0,0,1,0,0,0,0,0,1,1,1,1,18,7,1,5
1046,0,0,1,1,1,0,0,0,1,0,1,0,63,7,1,4
1047,0,0,0,0,0,0,0,0,1,1,1,1,24,7,1,4
1048,0,0,1,1,1,0,0,0,1,1,1,0,57,3,1,5
1049,0,0,1,0,1,0,0,0,1,1,1,1,40,30,1,0
1050,0,0,1,0,0,0,1,0,0,1,1,1,20,30,1,2
1051,0,0,1,0,0,0,1,0,1,1,1,1,55,90,1,1
1052,0,0,1,0,0,0,1,0,0,0,1,1,18,365,0,2
1053,0,0,1,0,1,1,1,1,0,1,1,0,42,30,1,1
1054,1,0,1,0,1,0,0,1,0,1,0,1,47,365,0,-4
1055,1,0,1,0,1,0,1,1,0,1,1,1,40,90,1,3
1056,0,0,1,0,1,0,0,0,1,0,1,1,35,30,0,3
1057,0,0,1,0,0,0,0,1,1,1,1,1,64,30,1,1
1058,1,0,1,0,0,1,0,0,1,1,0,0,50,90,0,-2
1059,0,0,1,1,1,0,0,0,1,0,1,0,55,7,0,5
1060,1,1,1,0,0,0,0,1,1,1,0,0,64,0,0,-4
1061,1,0,1,0,0,0,1,1,0,1,0,1,49,365,0,-4
1062,0,0,1,1,1,1,1,0,0,1,1,0,49,90,1,0
1063,1,0,1,0,1,0,0,1,1,1,1,1,49,7,0,3
1064,1,0,1,0,0,0,1,1,0,1,0,1,50,90,1,-4
1065,0,0,1,0,1,0,1,0,0,0,1,1,65,365,1,0
1066,1,0,0,0,0,0,1,1,0,1,0,1,49,7,1,-5
1067,0,0,1,0,0,0,0,0,1,1,1,1,36,30,1,4
1068,0,0,1,0,0,0,1,0,0,0,1,1,31,3,0,4
1069,0,0,1,0,0,0,0,0,1,1,1,1,25,7,0,5
1070,0,0,1,0,1,0,0,0,1,1,1,1,51,30,1,3
1071,1,0,1,0,1,1,1,1,0,1,1,0,41,7,1,1
1072,1,0,1,0,0,0,0,1,1,1,1,1,58,365,0,-1
1073,1,0,0,0,1,0,0,0,1,1,1,1,69,30,1,0
1074,0,0,1,0,1,0,0,0,1,1,1,1,22,7,0,3
1075,0,0,1,0,1,0,1,0,0,1,1,1,39,30,1,5
1076,1,0,1,0,0,1,0,1,1,1,1,0,58,30,0,-2
1077,1,0,1,1,0,1,1,1,0,1,1,0,47,30,1,-1
1078,1,0,1,0,1,0,1,0,0,1,1,1,62,7,1,1
1079,0,0,1,0,1,0,0,0,1,1,1,1,49,30,1,3
1080,1,0,0,0,1,0,0,0,1,1,1,1,65,365,0,-3
1081,0,0,1,0,1,0,0,0,1,0,1,1,39,7,0,5
1082,1,0,1,0,0,1,0,1,1,1,0,0,33,365,0,-3
1083,0,0,1,0,1,1,1,0,0,1,1,0,33,7,1,4
1084,1,0,1,0,1,0,1,0,0,1,1,1,64,30,1,1
1085,1,0,1,0,0,0,0,0,1,1,1,1,18,365,1,-2
1086,0,0,1,0,1,0,0,0,1,0,1,1,67,30,1,1
1087,1,0,1,0,1,0,1,1,0,1,0,1,62,365,0,-5
1088,1,0,1,0,0,0,0,0,1,1,1,1,56,0,0,-4
1089,1,0,1,0,0,1,0,0,1,0,1,0,36,30,0,-5
1090,1,0,1,0,1,1,1,0,1,0,1,0,68,365,1,1
1091,0,0,1,1,1,0,1,0,1,0,1,0,42,30,0,3
1092,0,0,1,0,1,1,1,0,0,1,1,0,39,7,1,2
1093,0,0,1,0,0,0,0,0,1,1,1,1,24,30,0,3
1094,0,0,1,0,0,0,1,0,0,1,1,1,38,7,0,4
1095,0,0,1,1,1,0,1,0,0,1,1,0,52,7,1,5
1096,0,0,1,1,1,0,0,0,1,0,1,0,43,7,0,2
1097,1,0,1,0,1,0,0,1,1,1,1,1,57,90,1,0
1098,1,0,0,0,0,0,0,1,1,1,1,1,59,365,0,-4
1099,1,1,1,0,1,1,1,0,1,1,0,0,57,0,0,-5
1100,0,0,1,0,1,0,0,0,1,1,1,1,43,90,1,0
1101,0,0,1,0,0,0,0,0,1,0,1,1,25,7,0,5
1102,0,0,1,0,1,0,0,0,1,0,1,1,61,90,0,2
1103,0,0,1,0,0,0,1,0,0,1,1,1,25,30,0,5
1104,1,1,1,0,0,0,1,1,0,1,0,0,70,365,0,-5
1105,1,0,1,0,0,0,0,1,1,1,1,1,54,90,1,2
1106,0,0,0,0,1,0,0,0,1,1,1,1,60,90,1,5
1107,1,0,1,0,0,0,1,1,1,1,1,1,59,365,1,-4
1108,1,1,1,0,0,1,1,1,0,1,0,0,66,0,1,-5
1109,0,0,1,0,1,1,0,1,1,0,1,0,51,7,1,4
1110,0,0,1,0,1,0,1,0,0,1,1,1,57,30,0,1
1111,1,0,1,0,0,0,0,1,1,1,1,1,61,90,0,2
1112,0,0,1,0,0,1,1,0,0,0,1,0,31,30,0,3
1113,0,0,1,0,0,0,1,0,0,1,1,1,27,7,1,2
1114,0,0,1,0,0,0,0,0,1,1,1,1,36,7,1,3
1115,1,0,1,0,0,0,1,1,0,1,0,1,45,0,0,-5
1116,1,0,1,0,0,0,0,1,1,1,0,1,53,90,0,-3
1117,1,0,1,1,1,0,0,0,1,0,1,0,42,365,0,3
1118,1,0,1,0,0,0,0,0,1,1,1,1,50,365,0,0
1119,1,0,1,0,1,0,0,1,1,1,0,1,51,30,0,2
1120,1,1,1,0,0,0,1,1,0,1,0,0,36,0,1,-4
1121,0,0,1,0,1,0,1,0,1,1,1,1,55,3,0,-1
1122,1,0,1,0,0,0,1,0,1,1,1,1,67,90,1,0
1123,0,0,1,1,1,0,0,0,1,1,1,0,56,30,1,0
1124,1,0,1,0,0,0,0,1,1,1,1,1,70,365,0,0
1125,1,1,0,0,0,0,0,0,1,1,0,0,58,365,0,-5
1126,1,1,1,0,0,0,1,1,0,1,0,0,44,0,1,-5
1127,1,0,1,0,1,0,0,1,0,1,1,1,52,365,0,-5
1128,0,0,1,0,0,0,0,1,1,1,1,1,61,365,0,-3
1129,0,0,1,0,1,0,0,0,1,1,1,1,33,30,0,3
1130,0,0,1,0,0,0,0,0,1,1,1,1,30,30,0,4
1131,1,1,1,0,0,1,1,1,0,1,0,0,37,90,1,-5
1132,0,0,1,0,0,0,1,0,0,1,1,1,26,90,1,3
1133,1,0,0,0,1,0,1,1,0,1,1,1,65,365,0,0
1134,0,0,1,0,1,0,0,0,1,1,1,1,38,30,0,5
1135,0,0,1,0,1,0,0,0,1,1,1,1,29,7,0,1
1136,1,0,0,0,1,0,1,1,0,1,0,1,62,0,0,-5
1137,1,0,1,0,1,0,0,0,1,1,1,1,21,7,1,4
1138,1,0,1,0,1,0,0,1,1,1,1,1,35,365,0,-3
1139,0,1,1,0,0,0,0,0,0,1,0,0,27,90,1,5
1140,1,1,1,0,0,0,1,1,0,1,0,0,19,0,1,-5
1141,0,0,1,0,0,0,1,0,1,1,1,1,29,90,1,5
1142,0,0,1,0,1,0,1,1,0,1,1,1,29,7,1,3
1143,0,0,1,0,0,0,0,0,1,1,1,1,29,7,1,4
1144,0,0,1,0,1,0,0,0,1,1,1,1,31,7,0,3
1145,0,0,1,0,0,0,0,0,1,1,1,1,55,30,0,1
1146,0,0,1,0,0,0,0,0,1,1,1,1,36,90,1,2
1147,1,0,1,0,0,0,0,0,1,1,0,1,48,365,0,1
1148,0,0,1,0,0,0,0,0,1,1,1,1,23,90,0,2
1149,0,0,1,0,0,0,0,0,1,1,1,1,35,30,1,5
1150,1,0,1,0,1,0,0,1,1,1,0,1,29,0,1,0
1151,1,0,1,0,0,0,0,0,1,1,0,1,52,90,0,0
1152,0,0,1,0,0,0,0,0,1,1,1,1,32,7,1,4
1153,1,0,1,0,1,0,0,1,1,1,1,1,39,7,0,3
1154,0,0,1,0,1,0,0,0,1,1,1,1,55,30,0,3
1155,0,0,1,0,1,0,0,0,1,1,1,1,41,7,1,1
1156,1,0,1,0,0,0,0,1,1,1,0,1,55,0,0,-5
1157,0,0,1,0,1,0,0,0,1,1,1,1,29,30,0,5
1158,0,0,1,1,1,0,0,0,1,0,1,0,35,7,1,3
1159,0,0,1,1,1,0,0,0,0,0,1,0,44,7,1,5
1160,1,0,1,0,1,0,0,0,1,0,1,1,60,90,0,1
1161,0,0,1,0,1,0,1,0,0,1,1,1,40,30,0,5
1162,1,0,0,0,0,0,1,1,1,1,1,1,45,365,0,-5
1163,1,0,1,0,0,0,0,1,1,1,1,1,37,365,0,-2
1164,0,0,1,1,1,0,0,0,0,0,1,0,30,7,1,5
1165,0,0,1,0,1,0,1,0,1,1,1,1,53,30,1,1
1166,1,0,1,0,0,0,1,1,0,1,0,1,33,30,1,-5
1167,1,0,1,0,1,0,1,1,1,1,1,1,37,90,1,-1
1168,0,0,1,0,0,0,0,0,1,1,1,1,33,30,1,4
1169,0,0,1,0,1,1,0,0,1,0,1,0,37,7,0,5
1170,0,0,1,0,0,0,1,1,1,1,1,1,57,90,1,1
1171,1,1,1,0,0,0,0,1,1,1,0,0,53,0,0,-5
1172,0,0,1,0,1,0,1,0,1,0,1,1,46,3,0,3
1173,1,0,1,0,0,0,1,0,0,1,0,1,62,90,1,0
1174,0,0,1,0,1,0,0,0,1,1,1,1,53,30,0,5
1175,1,0,1,0,1,0,0,1,1,1,0,1,53,365,1,-1
1176,0,0,1,0,0,0,0,0,1,0,1,1,35,30,0,4
1177,1,0,1,1,0,0,1,1,0,1,0,0,52,365,1,-3
1178,0,0,1,0,0,0,0,0,1,1,1,1,23,30,0,3
1179,1,0,1,0,0,0,1,1,0,1,0,1,57,0,0,0
1180,0,1,1,0,0,0,1,0,0,1,1,0,29,7,0,4
1181,0,0,0,0,0,0,1,0,0,0,1,1,35,365,0,0
1182,1,1,1,0,0,0,1,1,0,1,0,0,44,90,1,-4
1183,1,0,1,0,0,1,0,1,1,1,0,0,57,90,0,-5
1184,0,0,1,0,1,0,1,0,0,1,1,1,49,30,1,4
1185,0,0,0,1,1,0,0,0,1,0,1,0,63,30,1,4
1186,0,0,1,0,0,0,0,0,1,1,1,1,50,7,1,4
1187,0,0,1,0,0,0,0,0,1,1,1,1,69,30,1,3
1188,0,0,1,1,1,0,1,0,0,0,1,0,55,7,1,5
1189,1,0,1,1,1,0,0,1,1,1,1,0,44,7,0,2
1190,1,0,1,0,1,0,0,1,1,0,1,1,65,365,0,1
1191,0,0,1,0,0,1,1,0,0,1,0,0,30,90,0,3
1192,1,0,1,0,1,0,1,1,1,1,1,1,70,365,0,-2
1193,1,1,1,0,0,1,1,1,0,1,0,0,67,90,0,-2
1194,1,0,0,0,0,0,1,0,0,1,1,1,60,90,1,0
1195,0,0,1,0,0,0,1,0,0,1,1,1,31,90,0,2
1196,0,0,1,0,0,0,0,0,1,0,1,1,50,7,0,3
1197,1,0,1,0,0,0,1,1,0,1,0,1,66,365,0,-5
1198,0,0,1,0,0,0,0,0,1,0,1,1,24,30,1,3
1199,0,0,1,0,0,0,1,1,1,1,1,1,50,30,0,3
1200,0,0,1,0,1,0,0,0,1,1,1,1,42,7,0,0
1201,0,0,1,0,0,0,0,0,1,0,1,1,23,7,0,5
1202,0,0,1,0,0,0,1,0,0,1,1,1,24,30,0,3
1203,0,0,1,0,1,0,0,0,1,1,1,1,57,30,1,3
1204,1,0,1,0,1,0,1,1,0,1,1,1,64,0,1,-5
1205,1,1,1,1,1,0,0,0,1,1,1,0,63,30,0,1
1206,0,0,0,0,0,0,0,0,1,1,0,1,62,365,0,-1
1207,0,0,1,0,0,0,1,0,0,1,1,1,19,7,0,5
1208,0,0,1,0,1,0,1,0,0,1,1,1,22,90,0,5
1209,0,0,1,0,0,1,0,0,1,1,0,0,20,90,0,1
1210,0,0,1,0,1,0,0,0,1,1,1,1,32,30,0,1
1211,0,0,1,0,1,0,0,0,1,0,1,1,22,90,0,2
1212,1,0,1,0,0,0,1,1,0,1,0,1,28,365,0,-2
1213,0,0,1,1,1,0,0,0,1,0,0,0,47,30,0,4
1214,1,0,1,0,1,0,0,1,1,1,1,1,63,30,1,0
1215,0,0,1,0,0,0,1,0,0,0,0,1,44,90,1,-4
1216,0,0,1,0,0,0,1,0,1,1,1,1,27,365,0,1
1217,1,0,1,0,0,0,0,1,1,1,1,1,22,30,1,-2
1218,1,0,1,0,0,0,0,0,1,1,1,1,66,0,0,-2
1219,1,0,1,0,0,0,0,0,1,1,1,1,68,90,1,1
1220,1,0,0,0,0,0,0,0,0,1,0,1,59,0,1,-5
1221,0,0,1,0,0,1,0,0,1,1,1,0,20,30,0,3
1222,0,0,1,0,0,0,1,0,0,1,1,1,39,7,0,3
1223,1,0,1,0,0,0,0,1,1,1,0,1,24,90,0,0
1224,1,0,1,0,1,0,0,1,1,1,1,1,49,7,1,3
1225,1,0,1,0,0,1,1,1,0,1,0,0,42,90,1,-1
1226,0,0,1,0,0,0,0,0,1,1,1,1,20,90,0,4
1227,1,1,1,0,0,1,1,1,0,1,0,0,27,365,0,-5
1228,1,0,1,0,0,0,0,1,1,1,0,1,22,0,0,-3
1229,1,0,1,0,0,0,0,1,1,1,0,1,26,365,1,-5
1230,0,0,0,1,1,0,0,0,1,0,1,0,58,7,1,4
1231,1,1,1,0,0,1,1,1,0,1,0,0,35,365,1,-5
1232,1,0,1,0,0,0,0,0,1,1,1,1,28,7,1,0
1233,1,0,1,0,0,0,0,1,1,1,1,1,60,0,0,-4
1234,1,0,1,0,0,0,1,1,1,1,1,1,61,90,0,-5
1235,0,0,1,0,1,0,1,0,0,1,1,1,59,30,1,3
1236,1,0,1,0,0,0,0,1,1,1,1,1,64,90,0,1
1237,1,0,1,0,0,0,1,0,0,1,0,1,19,0,0,0
1238,1,0,0,1,1,0,0,0,1,1,1,0,69,90,0,-2
1239,1,0,1,1,0,0,1,0,1,1,1,0,44,30,1,2
1240,0,0,1,0,0,0,0,0,1,1,1,1,29,7,0,2
1241,1,0,1,0,0,0,0,1,1,1,1,1,27,90,1,0
1242,0,0,1,0,0,0,0,0,1,1,0,1,26,90,1,5
1243,1,0,1,0,0,0,0,1,1,1,1,1,59,365,0,-1
1244,0,0,1,0,0,0,1,1,0,1,1,1,40,365,1,-3
1245,0,0,1,0,1,0,0,0,0,1,0,1,32,365,1,5
1246,1,0,1,1,1,0,0,1,1,1,0,0,49,90,0,-3
1247,0,0,1,0,1,1,1,0,0,1,1,0,58,90,1,2
1248,0,0,1,0,1,0,0,0,1,0,1,1,44,7,0,5
1249,1,0,1,0,1,0,1,1,1,1,0,1,54,90,1,-2
1250,0,0,1,0,0,0,0,0,1,1,1,1,31,7,0,1
1251,0,0,1,0,1,0,0,0,1,1,1,1,45,90,0,0
1252,1,0,1,0,1,0,0,0,1,1,1,1,50,90,1,1
1253,0,0,1,0,0,0,1,0,0,1,1,1,23,30,1,1
1254,1,0,1,0,1,0,1,1,0,1,0,1,45,365,0,-3
1255,1,0,1,1,0,0,1,0,0,1,1,0,30,7,1,3
1256,0,0,1,0,0,0,0,0,1,1,0,1,31,90,1,5
1257,1,0,1,0,0,0,0,0,1,1,0,1,40,90,0,2
1258,0,0,1,1,1,0,0,0,1,0,1,0,63,30,1,4
1259,0,0,1,0,1,0,0,0,1,0,1,1,62,90,0,3
1260,0,0,1,0,0,0,1,0,0,1,1,1,22,3,1,5
1261,0,0,1,1,1,0,0,0,1,0,1,0,45,30,0,3
1262,0,0,0,0,0,0,1,0,0,1,1,1,54,90,0,0
1263,1,1,1,1,1,1,1,1,1,1,1,0,70,0,0,-5
1264,0,0,1,0,0,0,0,0,1,1,0,1,40,30,1,0
1265,1,0,1,0,0,0,0,1,1,1,1,1,43,90,1,-1
1266,0,0,1,0,0,0,1,0,0,0,1,1,43,7,1,2
1267,1,0,1,0,0,0,1,0,0,1,0,1,47,365,0,-2
1268,1,0,1,0,0,0,0,1,1,1,1,1,29,365,0,-4
1269,0,0,1,0,0,0,0,0,1,1,1,1,66,7,0,4
1270,1,0,1,0,0,0,1,1,0,1,0,1,22,90,1,-1
1271,0,0,1,1,1,0,0,0,1,0,1,0,64,90,0,3
1272,0,0,1,0,0,0,1,0,0,1,1,1,38,30,1,0
1273,0,0,1,1,1,1,1,1,1,1,1,0,54,90,1,-1
1274,1,1,1,0,0,0,1,1,0,1,0,0,42,365,1,-5
1275,1,0,1,0,0,0,0,1,1,1,1,1,68,90,0,-4
1276,1,0,0,0,0,0,0,1,1,1,0,1,65,0,0,-5
1277,0,0,1,0,0,0,0,0,1,0,1,1,18,30,0,3
1278,1,0,1,0,1,0,0,0,1,1,1,1,53,90,0,3
1279,0,0,1,0,1,0,1,0,0,1,1,1,42,30,0,2
1280,0,0,1,0,1,0,1,0,1,1,1,1,30,30,0,5
1281,0,0,1,0,1,0,0,0,1,0,1,1,53,365,1,2
1282,0,0,1,0,0,0,0,0,1,1,1,1,27,30,1,4
1283,0,0,1,0,0,0,0,0,1,1,1,1,23,7,1,3
1284,1,1,1,1,1,1,1,1,0,1,0,0,40,365,1,-5
1285,0,1,1,0,1,0,0,0,1,1,1,0,60,90,1,3
1286,1,0,1,0,0,0,1,1,0,1,1,1,59,7,1,0
1287,1,1,1,0,0,1,1,1,0,1,0,0,49,30,1,-3
1288,1,0,1,0,0,0,1,1,0,1,0,1,44,30,1,0
1289,1,1,1,0,0,0,1,1,0,1,0,0,62,0,1,-4
1290,0,0,1,0,1,0,1,0,0,1,1,1,37,30,0,0
1291,0,0,1,0,0,0,0,0,1,1,1,1,26,30,0,3
1292,1,0,1,0,0,0,0,0,1,1,0,1,58,365,0,-4
1293,0,0,1,0,0,1,1,0,0,0,1,0,30,7,0,5
1294,1,0,1,0,0,0,0,1,1,1,1,1,51,90,0,1
1295,1,0,1,0,1,0,1,1,0,1,1,1,60,30,1,3
1296,0,0,1,0,1,1,1,0,0,1,1,0,35,30,0,3
1297,0,0,0,0,1,0,0,0,1,1,1,1,60,7,0,2
1298,1,0,1,0,1,0,0,1,1,1,1,1,65,365,0,-5
1299,1,0,1,0,1,0,0,0,1,1,1,1,58,90,0,2
1300,1,1,1,0,0,0,0,1,1,1,0,0,49,0,1,-5
1301,0,0,1,0,0,0,0,0,1,1,1,1,58,90,0,1
1302,0,0,1,0,0,1,0,0,1,1,1,0,26,90,0,3
1303,0,0,1,0,0,0,0,1,1,1,1,1,59,90,1,0
1304,0,0,0,0,0,0,1,0,1,1,0,1,28,30,0,-1
1305,1,0,1,0,0,0,1,0,1,1,1,1,24,90,0,1
1306,0,0,1,0,0,0,1,0,0,1,1,1,36,3,1,3
1307,1,1,0,0,0,1,0,1,1,0,0,0,66,365,1,-5
1308,1,0,1,1,1,0,0,1,1,1,1,0,58,90,1,0
1309,1,0,1,0,0,0,0,0,1,1,1,1,31,30,0,-1
1310,0,0,1,0,1,0,0,0,1,1,1,1,27,3,1,4
1311,0,0,1,0,0,0,0,0,0,1,0,1,20,7,1,4
1312,0,0,1,1,1,0,1,0,0,0,1,0,37,7,1,5
1313,0,0,1,0,1,0,0,0,1,1,1,1,34,30,0,1
1314,1,1,1,0,0,0,0,1,1,1,0,0,47,0,1,-5
1315,0,0,1,0,0,0,0,0,1,1,1,1,25,90,0,4
1316,1,0,0,0,0,0,1,0,0,1,0,1,67,365,1,-5
1317,0,0,1,1,1,1,0,0,1,1,1,0,57,30,0,4
1318,0,0,1,0,1,0,0,0,1,1,1,1,48,7,0,3
1319,0,0,1,1,1,0,0,0,1,0,1,0,64,30,0,3
1320,1,0,1,0,0,0,1,1,0,1,0,1,38,90,0,-5
1321,1,0,1,0,0,1,1,1,0,1,0,0,44,365,1,-3
1322,0,0,1,0,1,0,0,0,1,1,1,1,47,30,0,3
1323,1,0,1,0,0,0,0,0,0,1,1,1,53,90,0,-4
1324,0,0,0,1,1,0,0,0,1,1,1,0,37,30,1,5
1325,0,1,1,0,0,0,1,0,0,1,1,0,25,90,1,5
1326,1,0,1,0,1,0,1,0,0,1,1,1,21,3,1,4
1327,1,0,1,0,0,1,1,1,0,1,0,0,60,0,0,-5
1328,1,0,1,0,1,0,1,1,0,0,1,1,48,365,0,-2
1329,1,0,1,0,0,0,1,1,0,1,1,1,38,365,0,-4
1330,0,0,1,0,0,0,1,0,0,1,1,1,24,30,1,3
1331,1,0,1,0,0,0,1,1,0,1,1,1,26,30,1,3
1332,0,0,1,0,0,0,1,0,0,1,1,1,40,7,0,4
1333,0,0,1,0,1,0,1,0,0,1,1,1,62,30,1,2
1334,0,0,1,0,1,0,0,0,1,1,1,1,26,90,1,1
1335,1,0,1,0,1,0,0,0,1,1,1,1,65,30,0,0
1336,1,0,1,0,0,1,1,0,0,1,1,0,50,30,1,2
1337,1,1,1,1,1,0,0,1,1,1,1,0,26,0,0,0
1338,1,0,1,0,0,0,0,1,1,1,1,1,44,90,0,-2
1339,1,0,1,0,1,0,1,1,1,1,1,1,48,7,1,0
1340,1,0,1,0,0,0,1,1,0,1,0,1,29,30,0,0
1341,1,0,1,0,0,0,1,1,1,1,1,1,60,365,0,-4
1342,0,0,0,0,1,0,0,0,1,0,1,1,18,3,1,5
1343,1,0,1,0,0,0,0,1,1,1,0,1,37,365,0,-3
1344,0,0,1,0,1,0,0,1,0,1,0,1,55,365,0,-3
1345,1,0,1,0,0,0,0,1,1,1,1,1,39,90,0,2
1346,0,0,1,0,1,0,1,0,0,0,1,1,55,30,1,4
1347,0,0,0,0,0,0,0,0,1,1,1,1,18,90,1,1
1348,0,0,1,0,1,0,1,0,0,1,1,1,21,7,0,5
1349,0,0,1,0,1,0,1,0,0,0,1,1,31,30,1,2
1350,0,0,1,0,1,0,0,0,1,0,1,1,28,30,0,3
1351,0,0,1,0,0,0,1,0,0,1,1,1,39,30,1,4
1352,1,0,1,0,1,0,0,0,1,1,1,1,51,90,1,1
1353,0,0,1,0,0,0,0,0,1,0,1,1,18,7,0,5
1354,1,0,1,0,1,0,0,1,1,1,0,1,44,0,0,-5
1355,1,0,0,0,0,0,0,1,1,1,0,1,66,0,1,-4
1356,1,0,1,0,0,0,0,1,1,1,0,1,34,365,0,-3
1357,0,0,1,0,1,0,0,0,1,1,1,1,53,90,0,1
1358,1,1,1,0,0,0,1,1,0,1,1,0,42,365,1,-3
1359,0,0,1,0,0,0,0,0,1,1,1,1,38,90,0,3
1360,0,0,1,0,0,0,0,0,1,1,1,1,29,30,0,3
1361,1,0,1,0,0,0,1,0,1,1,1,1,57,90,1,0
1362,0,0,1,0,1,0,0,0,0,0,1,1,26,7,1,5
1363,0,0,1,0,1,0,1,0,0,1,1,1,30,7,0,3
1364,1,0,1,0,1,0,0,0,1,1,0,1,46,90,1,1
1365,1,0,1,0,1,0,0,1,1,1,1,1,61,90,1,0
1366,0,0,1,0,1,0,0,0,1,1,1,1,39,7,1,0
1367,0,0,1,0,1,0,0,0,1,1,1,1,62,90,1,3
1368,0,0,1,0,1,0,0,0,0,0,1,1,43,30,0,4
1369,0,0,1,0,0,0,0,0,1,1,1,1,36,30,0,3
1370,0,0,1,1,0,0,0,0,1,1,1,0,60,90,0,3
1371,1,0,1,0,1,0,0,1,1,1,1,1,54,365,0,-4
1372,1,0,1,0,1,0,0,0,1,1,1,1,48,7,1,0
1373,0,0,1,0,0,0,0,0,1,1,1,1,20,30,1,2
1374,0,0,1,0,0,0,0,0,1,1,1,1,27,30,0,2
1375,1,0,1,0,1,0,0,0,1,1,1,1,68,30,0,-1
1376,1,0,1,0,0,0,0,0,1,1,1,1,70,30,1,-1
1377,0,0,1,0,0,0,0,0,1,1,1,1,28,30,0,3
1378,1,0,1,0,0,0,0,1,1,1,0,1,59,0,0,-5
1379,1,0,1,1,1,0,0,1,1,1,1,0,45,365,1,-2
1380,0,0,1,1,1,0,1,0,0,0,1,0,67,90,1,2
1381,0,0,1,0,0,0,1,1,0,1,0,1,26,7,0,3
1382,1,1,1,0,0,0,1,1,0,1,0,0,42,0,1,-5
1383,1,0,1,1,1,0,0,1,1,1,1,0,55,7,1,4
1384,1,0,1,0,0,0,1,1,1,1,0,1,30,365,0,-2
1385,0,0,1,1,1,0,1,0,1,0,1,0,33,7,1,5
1386,1,0,1,0,1,0,0,1,1,1,1,1,60,90,0,-3
1387,0,0,1,0,1,0,0,0,1,1,1,1,57,30,0,3
1388,1,0,1,0,0,0,0,0,1,1,1,1,44,30,1,0
1389,0,0,0,0,1,0,0,0,1,1,1,1,59,90,0,4
1390,1,1,1,0,0,0,0,1,1,1,0,0,35,0,1,-5
1391,1,0,1,0,0,0,0,1,1,1,1,1,60,365,1,1
1392,1,0,1,0,0,0,0,1,1,0,0,1,67,0,0,-5
1393,0,0,1,0,0,0,0,0,1,1,1,1,29,7,0,4
1394,0,0,1,0,0,0,0,0,1,1,1,1,22,30,0,4
1395,0,1,1,1,1,0,1,0,1,1,1,0,54,365,0,4
1396,0,0,1,0,1,0,1,0,0,0,1,1,21,3,0,3
1397,1,0,0,1,1,0,1,0,1,1,1,0,62,30,0,4
1398,1,0,1,0,0,0,0,1,1,1,0,1,53,0,1,-5
1399,1,0,1,0,0,0,1,1,0,1,0,1,37,365,0,-4
1400,0,0,1,0,0,0,0,0,1,0,1,1,44,7,0,5
1401,1,0,1,0,0,0,0,1,1,1,0,1,52,0,0,-5
1402,1,0,1,0,1,0,1,1,0,1,1,1,55,90,1,1
1403,1,0,1,0,0,0,1,1,1,1,0,1,32,365,0,-3
1404,1,1,1,0,0,1,1,1,0,1,0,0,32,30,0,-5
1405,0,0,1,0,1,0,1,0,0,1,1,1,47,90,1,2
1406,1,0,1,0,0,0,1,1,1,1,0,1,31,365,1,-5
1407,1,0,1,0,1,0,1,0,0,1,1,1,55,365,1,1
1408,1,0,1,0,0,0,1,1,0,0,1,1,60,365,0,-4
1409,0,0,1,0,1,0,1,0,0,1,1,1,70,7,1,5
1410,0,0,1,0,1,1,0,0,1,1,1,0,49,365,0,4
1411,0,0,1,0,0,0,0,0,1,1,1,1,55,365,0,2
1412,1,1,1,0,0,0,0,1,1,1,1,0,50,90,0,-2
1413,0,0,1,0,1,0,0,0,1,1,1,1,26,30,1,3
1414,1,0,1,0,1,0,0,1,1,1,0,1,55,365,1,-4
1415,1,0,1,0,0,0,1,0,0,1,0,1,57,90,1,-3
1416,1,0,1,0,0,0,0,1,1,1,1,1,20,30,0,-1
1417,0,0,1,0,1,0,1,0,0,0,1,1,46,30,0,4
1418,1,1,1,0,0,0,0,1,1,1,0,0,62,0,0,-5
1419,1,0,1,0,0,0,0,1,1,1,0,1,59,90,0,0
1420,0,0,1,0,1,0,0,0,1,1,1,1,53,30,0,3
1421,0,0,1,0,0,0,0,0,1,1,1,1,57,90,0,3
1422,0,0,1,0,1,0,0,0,1,1,1,1,59,90,0,1
1423,0,0,1,0,1,0,0,0,1,1,1,1,41,30,1,3
1424,1,0,1,0,1,0,0,1,1,1,1,1,36,30,1,1
1425,0,0,1,0,1,0,0,0,1,1,1,1,57,30,1,4
1426,0,1,1,1,1,0,0,0,1,1,1,0,33,30,0,5
1427,1,0,1,0,1,0,1,1,0,0,1,1,38,30,0,3
1428,1,0,1,0,0,0,0,0,1,1,1,1,37,90,1,1
1429,0,0,1,0,0,1,0,0,1,1,1,0,25,3,1,4
1430,1,0,1,0,0,0,0,1,0,1,0,1,42,7,1,-3
1431,0,0,1,0,1,0,1,0,0,1,1,1,55,90,0,3
1432,1,0,1,0,0,0,0,1,1,1,1,1,21,7,1,2
1433,1,1,1,1,1,1,1,1,0,1,0,0,44,365,1,-5
1434,0,0,1,0,0,0,0,0,1,1,0,1,41,7,1,4
1435,1,0,1,0,0,0,0,1,1,1,0,1,25,0,1,-5
1436,0,0,1,0,0,0,1,0,0,1,1,1,24,30,1,5
1437,0,0,1,0,1,0,0,0,1,0,1,1,61,90,0,4
1438,0,0,1,0,0,0,1,0,0,1,1,1,27,30,0,3
1439,0,0,0,0,0,1,0,0,1,0,0,0,61,30,1,1
1440,0,0,1,1,1,0,0,0,1,1,1,0,55,30,0,3
1441,0,0,1,0,0,0,1,0,0,1,1,1,29,7,1,5
1442,0,0,1,1,0,0,0,0,1,1,1,0,31,30,1,4
1443,0,0,1,0,1,0,0,0,1,1,1,1,50,365,0,2
1444,1,0,1,0,0,0,0,1,1,0,1,1,55,0,1,-3
1445,1,0,1,0,0,0,0,0,1,1,0,1,18,30,0,1
1446,0,0,1,0,0,0,0,0,1,0,1,1,52,90,0,1
1447,1,0,1,0,0,1,1,0,0,1,1,0,43,30,1,0
1448,1,0,1,0,0,1,1,1,0,1,0,0,47,365,1,-5
1449,0,0,1,0,1,1,0,0,1,0,1,0,36,7,0,2
1450,0,0,1,0,1,0,1,0,0,1,1,1,52,30,0,3
1451,0,0,1,1,1,0,0,0,1,0,1,0,41,90,1,4
1452,1,0,1,0,0,1,1,1,0,1,0,0,30,90,1,-3
